0, comb, central, 1, -2.4, 2.4, 20, 1000, 0, 1, "0.971065*((1.+(0.0100459*x))/(1.+(0.00975219*x)))" 
0, comb, central, 0, -2.4, 2.4, 20, 1000, 0, 1, "0.971065*((1.+(0.0100459*x))/(1.+(0.00975219*x)))" 
1, comb, central, 1, -2.4, 2.4, 20, 1000, 0, 1, "0.922748*((1.+(0.0241884*x))/(1.+(0.0223119*x)))" 
1, comb, central, 0, -2.4, 2.4, 20, 1000, 0, 1, "0.922748*((1.+(0.0241884*x))/(1.+(0.0223119*x)))" 
2, comb, central, 1, -2.4, 2.4, 20, 1000, 0, 1, "0.573021*((1.+(0.472221*x))/(1.+(0.27584*x)))" 
2, comb, central, 0, -2.4, 2.4, 20, 1000, 0, 1, "0.573021*((1.+(0.472221*x))/(1.+(0.27584*x)))" 
0, mujets, central, 1, -2.4, 2.4, 20, 1000, 0, 1, "0.988596*((1.+(0.00369167*x))/(1.+(0.00366552*x)))" 
0, mujets, central, 0, -2.4, 2.4, 20, 1000, 0, 1, "0.988596*((1.+(0.00369167*x))/(1.+(0.00366552*x)))" 
1, mujets, central, 1, -2.4, 2.4, 20, 1000, 0, 1, "0.740594*((1.+(0.178167*x))/(1.+(0.131089*x)))" 
1, mujets, central, 0, -2.4, 2.4, 20, 1000, 0, 1, "0.740594*((1.+(0.178167*x))/(1.+(0.131089*x)))" 
2, mujets, central, 1, -2.4, 2.4, 20, 1000, 0, 1, "0.233068*((1.+(0.827224*x))/(1.+(0.195788*x)))" 
2, mujets, central, 0, -2.4, 2.4, 20, 1000, 0, 1, "0.233068*((1.+(0.827224*x))/(1.+(0.195788*x)))" 
0, incl, central, 2, 0, 2.4, 20, 1000, 0, 1, "1.03726+0.000218815*x+-6.70561e-11*x*x+2.15167/x" 
1, incl, central, 2, 0, 2.4, 20, 1000, 0, 1, "1.09149+3.31851e-05*x+2.34826e-07*x*x+-0.888846/x" 
2, incl, central, 2, 0, 2.4, 20, 1000, 0, 1, "1.09741+-0.000871879*x+2.20312e-06*x*x+-1.53037e-09*x*x*x" 
3, iterativefit, central, 1, 0.0, 2.4, 20.0, 10000, -15, 1.1, 1.0
3, iterativefit, down_hf, 0, 0.0, 2.4, 20, 30, -15, 0, 0.0
3, iterativefit, down_hf, 0, 0.0, 2.4, 20, 30, 0, 0.08, 1.21760058403
3, iterativefit, down_hf, 0, 0.0, 2.4, 20, 30, 0.08, 0.2, (1.33324+-1.44551*x)
3, iterativefit, down_hf, 0, 0.0, 2.4, 20, 30, 0.2, 0.28, (1.05519+-0.055258*x)
3, iterativefit, down_hf, 0, 0.0, 2.4, 20, 30, 0.28, 0.36, (1.09674+-0.20363*x)
3, iterativefit, down_hf, 0, 0.0, 2.4, 20, 30, 0.36, 0.44, (1.18183+-0.439996*x)
3, iterativefit, down_hf, 0, 0.0, 2.4, 20, 30, 0.44, 0.52, (1.35876+-0.842126*x)
3, iterativefit, down_hf, 0, 0.0, 2.4, 20, 30, 0.52, 0.6, (0.646288+0.528022*x)
3, iterativefit, down_hf, 0, 0.0, 2.4, 20, 30, 0.6, 0.68, (1.67996+-1.19477*x)
3, iterativefit, down_hf, 0, 0.0, 2.4, 20, 30, 0.68, 0.76, (0.819132+0.0711575*x)
3, iterativefit, down_hf, 0, 0.0, 2.4, 20, 30, 0.76, 0.82, (1.46083+-0.773181*x)
3, iterativefit, down_hf, 0, 0.0, 2.4, 20, 30, 0.82, 0.86, (-2.13633+3.6136*x)
3, iterativefit, down_hf, 0, 0.0, 2.4, 20, 30, 0.86, 0.9, (3.0508+-2.41795*x)
3, iterativefit, down_hf, 0, 0.0, 2.4, 20, 30, 0.9, 0.935, (0.362512+0.569039*x)
3, iterativefit, down_hf, 0, 0.0, 2.4, 20, 30, 0.935, 0.965, (-0.540603+1.53494*x)
3, iterativefit, down_hf, 0, 0.0, 2.4, 20, 30, 0.965, 0.995, (5.36976+-4.58979*x)
3, iterativefit, down_hf, 0, 0.0, 2.4, 20, 30, 0.995, 1.1, 0.802917897701
3, iterativefit, down_hf, 0, 0.0, 2.4, 30, 50, -15, 0, 0.0
3, iterativefit, down_hf, 0, 0.0, 2.4, 30, 50, 0, 0.08, 1.07599616051
3, iterativefit, down_hf, 0, 0.0, 2.4, 30, 50, 0.08, 0.2, (1.06123+0.184596*x)
3, iterativefit, down_hf, 0, 0.0, 2.4, 30, 50, 0.2, 0.28, (1.16857+-0.352113*x)
3, iterativefit, down_hf, 0, 0.0, 2.4, 30, 50, 0.28, 0.36, (1.23536+-0.590652*x)
3, iterativefit, down_hf, 0, 0.0, 2.4, 30, 50, 0.36, 0.44, (0.89648+0.350684*x)
3, iterativefit, down_hf, 0, 0.0, 2.4, 30, 50, 0.44, 0.52, (1.13145+-0.183347*x)
3, iterativefit, down_hf, 0, 0.0, 2.4, 30, 50, 0.52, 0.6, (1.44878+-0.793596*x)
3, iterativefit, down_hf, 0, 0.0, 2.4, 30, 50, 0.6, 0.68, (0.888942+0.139473*x)
3, iterativefit, down_hf, 0, 0.0, 2.4, 30, 50, 0.68, 0.76, (1.0099+-0.038407*x)
3, iterativefit, down_hf, 0, 0.0, 2.4, 30, 50, 0.76, 0.82, (1.43032+-0.591592*x)
3, iterativefit, down_hf, 0, 0.0, 2.4, 30, 50, 0.82, 0.86, (-0.280933+1.4953*x)
3, iterativefit, down_hf, 0, 0.0, 2.4, 30, 50, 0.86, 0.9, (0.970627+0.0400007*x)
3, iterativefit, down_hf, 0, 0.0, 2.4, 30, 50, 0.9, 0.935, (1.9711+-1.07163*x)
3, iterativefit, down_hf, 0, 0.0, 2.4, 30, 50, 0.935, 0.965, (1.01421+-0.0482202*x)
3, iterativefit, down_hf, 0, 0.0, 2.4, 30, 50, 0.965, 0.995, (2.39964+-1.4839*x)
3, iterativefit, down_hf, 0, 0.0, 2.4, 30, 50, 0.995, 1.1, 0.923156738281
3, iterativefit, down_hf, 0, 0.0, 2.4, 50, 70, -15, 0, 0.0
3, iterativefit, down_hf, 0, 0.0, 2.4, 50, 70, 0, 0.08, 1.09454214573
3, iterativefit, down_hf, 0, 0.0, 2.4, 50, 70, 0.08, 0.2, (1.16213+-0.844805*x)
3, iterativefit, down_hf, 0, 0.0, 2.4, 50, 70, 0.2, 0.28, (0.75496+1.19103*x)
3, iterativefit, down_hf, 0, 0.0, 2.4, 50, 70, 0.28, 0.36, (1.1049+-0.0587553*x)
3, iterativefit, down_hf, 0, 0.0, 2.4, 50, 70, 0.36, 0.44, (1.55981+-1.32239*x)
3, iterativefit, down_hf, 0, 0.0, 2.4, 50, 70, 0.44, 0.52, (0.509445+1.0648*x)
3, iterativefit, down_hf, 0, 0.0, 2.4, 50, 70, 0.52, 0.6, (1.68187+-1.18986*x)
3, iterativefit, down_hf, 0, 0.0, 2.4, 50, 70, 0.6, 0.68, (0.423377+0.907623*x)
3, iterativefit, down_hf, 0, 0.0, 2.4, 50, 70, 0.68, 0.76, (1.08597+-0.0667721*x)
3, iterativefit, down_hf, 0, 0.0, 2.4, 50, 70, 0.76, 0.82, (1.62961+-0.782096*x)
3, iterativefit, down_hf, 0, 0.0, 2.4, 50, 70, 0.82, 0.86, (-0.181021+1.42599*x)
3, iterativefit, down_hf, 0, 0.0, 2.4, 50, 70, 0.86, 0.9, (1.78987+-0.865746*x)
3, iterativefit, down_hf, 0, 0.0, 2.4, 50, 70, 0.9, 0.935, (2.37262+-1.51325*x)
3, iterativefit, down_hf, 0, 0.0, 2.4, 50, 70, 0.935, 0.965, (0.410416+0.585373*x)
3, iterativefit, down_hf, 0, 0.0, 2.4, 50, 70, 0.965, 0.995, (2.12568+-1.19211*x)
3, iterativefit, down_hf, 0, 0.0, 2.4, 50, 70, 0.995, 1.1, 0.939537703991
3, iterativefit, down_hf, 0, 0.0, 2.4, 70, 100, -15, 0, 0.0
3, iterativefit, down_hf, 0, 0.0, 2.4, 70, 100, 0, 0.08, 1.13913798332
3, iterativefit, down_hf, 0, 0.0, 2.4, 70, 100, 0.08, 0.2, (1.17068+-0.394271*x)
3, iterativefit, down_hf, 0, 0.0, 2.4, 70, 100, 0.2, 0.28, (1.23342+-0.707996*x)
3, iterativefit, down_hf, 0, 0.0, 2.4, 70, 100, 0.28, 0.36, (1.04987+-0.0524297*x)
3, iterativefit, down_hf, 0, 0.0, 2.4, 70, 100, 0.36, 0.44, (1.1209+-0.249748*x)
3, iterativefit, down_hf, 0, 0.0, 2.4, 70, 100, 0.44, 0.52, (1.04784+-0.0837028*x)
3, iterativefit, down_hf, 0, 0.0, 2.4, 70, 100, 0.52, 0.6, (0.938549+0.126474*x)
3, iterativefit, down_hf, 0, 0.0, 2.4, 70, 100, 0.6, 0.68, (0.924543+0.149818*x)
3, iterativefit, down_hf, 0, 0.0, 2.4, 70, 100, 0.68, 0.76, (1.63015+-0.887847*x)
3, iterativefit, down_hf, 0, 0.0, 2.4, 70, 100, 0.76, 0.82, (-0.0760612+1.35717*x)
3, iterativefit, down_hf, 0, 0.0, 2.4, 70, 100, 0.82, 0.86, (2.72777+-2.06213*x)
3, iterativefit, down_hf, 0, 0.0, 2.4, 70, 100, 0.86, 0.9, (0.894211+0.0699133*x)
3, iterativefit, down_hf, 0, 0.0, 2.4, 70, 100, 0.9, 0.935, (-0.105589+1.1808*x)
3, iterativefit, down_hf, 0, 0.0, 2.4, 70, 100, 0.935, 0.965, (1.32282+-0.346913*x)
3, iterativefit, down_hf, 0, 0.0, 2.4, 70, 100, 0.965, 0.995, (2.74924+-1.82506*x)
3, iterativefit, down_hf, 0, 0.0, 2.4, 70, 100, 0.995, 1.1, 0.933301508427
3, iterativefit, down_hf, 0, 0.0, 2.4, 100, 10000.0, -15, 0, 0.0
3, iterativefit, down_hf, 0, 0.0, 2.4, 100, 10000.0, 0, 0.08, 1.26687407494
3, iterativefit, down_hf, 0, 0.0, 2.4, 100, 10000.0, 0.08, 0.2, (1.43382+-2.08688*x)
3, iterativefit, down_hf, 0, 0.0, 2.4, 100, 10000.0, 0.2, 0.28, (1.00366+0.0639334*x)
3, iterativefit, down_hf, 0, 0.0, 2.4, 100, 10000.0, 0.28, 0.36, (1.0829+-0.219062*x)
3, iterativefit, down_hf, 0, 0.0, 2.4, 100, 10000.0, 0.36, 0.44, (1.15824+-0.428347*x)
3, iterativefit, down_hf, 0, 0.0, 2.4, 100, 10000.0, 0.44, 0.52, (0.915308+0.123777*x)
3, iterativefit, down_hf, 0, 0.0, 2.4, 100, 10000.0, 0.52, 0.6, (0.694524+0.548363*x)
3, iterativefit, down_hf, 0, 0.0, 2.4, 100, 10000.0, 0.6, 0.68, (1.4859+-0.770591*x)
3, iterativefit, down_hf, 0, 0.0, 2.4, 100, 10000.0, 0.68, 0.76, (0.953029+0.0130363*x)
3, iterativefit, down_hf, 0, 0.0, 2.4, 100, 10000.0, 0.76, 0.82, (0.743895+0.288213*x)
3, iterativefit, down_hf, 0, 0.0, 2.4, 100, 10000.0, 0.82, 0.86, (0.643081+0.411157*x)
3, iterativefit, down_hf, 0, 0.0, 2.4, 100, 10000.0, 0.86, 0.9, (2.39654+-1.62775*x)
3, iterativefit, down_hf, 0, 0.0, 2.4, 100, 10000.0, 0.9, 0.935, (0.78426+0.163673*x)
3, iterativefit, down_hf, 0, 0.0, 2.4, 100, 10000.0, 0.935, 0.965, (0.161615+0.829603*x)
3, iterativefit, down_hf, 0, 0.0, 2.4, 100, 10000.0, 0.965, 0.995, (1.69976+-0.76433*x)
3, iterativefit, down_hf, 0, 0.0, 2.4, 100, 10000.0, 0.995, 1.1, 0.93925255537
3, iterativefit, down_hf, 2, 0.0, 0.8, 20, 30, -15, 0, 0.0
3, iterativefit, down_hf, 2, 0.0, 0.8, 20, 30, 0, 0.0075, 0.804381072521
3, iterativefit, down_hf, 2, 0.0, 0.8, 20, 30, 0.0075, 0.0225, (0.700418+13.8618*x)
3, iterativefit, down_hf, 2, 0.0, 0.8, 20, 30, 0.0225, 0.0375, (0.877703+5.98241*x)
3, iterativefit, down_hf, 2, 0.0, 0.8, 20, 30, 0.0375, 0.0525, (1.03864+1.69081*x)
3, iterativefit, down_hf, 2, 0.0, 0.8, 20, 30, 0.0525, 0.0675, (1.15214+-0.471139*x)
3, iterativefit, down_hf, 2, 0.0, 0.8, 20, 30, 0.0675, 0.0825, (1.22112+-1.4931*x)
3, iterativefit, down_hf, 2, 0.0, 0.8, 20, 30, 0.0825, 0.0975, (0.615361+5.84947*x)
3, iterativefit, down_hf, 2, 0.0, 0.8, 20, 30, 0.0975, 0.1125, (1.36885+-1.8786*x)
3, iterativefit, down_hf, 2, 0.0, 0.8, 20, 30, 0.1125, 0.14, (1.14399+0.120128*x)
3, iterativefit, down_hf, 2, 0.0, 0.8, 20, 30, 0.14, 0.2, (1.15852+0.0163774*x)
3, iterativefit, down_hf, 2, 0.0, 0.8, 20, 30, 0.2, 0.28, (1.36414+-1.01175*x)
3, iterativefit, down_hf, 2, 0.0, 0.8, 20, 30, 0.28, 0.665, (0.809228+0.970085*x)
3, iterativefit, down_hf, 2, 0.0, 0.8, 20, 30, 0.665, 1.1, 1.45433425903
3, iterativefit, down_hf, 2, 0.8, 1.6, 20, 30, -15, 0, 0.0
3, iterativefit, down_hf, 2, 0.8, 1.6, 20, 30, 0, 0.0075, 0.832185089588
3, iterativefit, down_hf, 2, 0.8, 1.6, 20, 30, 0.0075, 0.0225, (0.742469+11.9621*x)
3, iterativefit, down_hf, 2, 0.8, 1.6, 20, 30, 0.0225, 0.0375, (0.906967+4.65112*x)
3, iterativefit, down_hf, 2, 0.8, 1.6, 20, 30, 0.0375, 0.0525, (0.991883+2.3867*x)
3, iterativefit, down_hf, 2, 0.8, 1.6, 20, 30, 0.0525, 0.0675, (1.14986+-0.622439*x)
3, iterativefit, down_hf, 2, 0.8, 1.6, 20, 30, 0.0675, 0.0825, (1.338+-3.4097*x)
3, iterativefit, down_hf, 2, 0.8, 1.6, 20, 30, 0.0825, 0.0975, (1.03178+0.302045*x)
3, iterativefit, down_hf, 2, 0.8, 1.6, 20, 30, 0.0975, 0.1125, (1.29238+-2.37073*x)
3, iterativefit, down_hf, 2, 0.8, 1.6, 20, 30, 0.1125, 0.14, (0.908879+1.03816*x)
3, iterativefit, down_hf, 2, 0.8, 1.6, 20, 30, 0.14, 0.2, (1.18367+-0.924619*x)
3, iterativefit, down_hf, 2, 0.8, 1.6, 20, 30, 0.2, 0.28, (1.15951+-0.80381*x)
3, iterativefit, down_hf, 2, 0.8, 1.6, 20, 30, 0.28, 0.665, (0.810912+0.441171*x)
3, iterativefit, down_hf, 2, 0.8, 1.6, 20, 30, 0.665, 1.1, 1.10429036617
3, iterativefit, down_hf, 2, 1.6, 2.4, 20, 30, -15, 0, 0.0
3, iterativefit, down_hf, 2, 1.6, 2.4, 20, 30, 0, 0.0075, 0.984625160694
3, iterativefit, down_hf, 2, 1.6, 2.4, 20, 30, 0.0075, 0.0225, (0.939551+6.00988*x)
3, iterativefit, down_hf, 2, 1.6, 2.4, 20, 30, 0.0225, 0.0375, (1.10257+-1.23528*x)
3, iterativefit, down_hf, 2, 1.6, 2.4, 20, 30, 0.0375, 0.0525, (1.12072+-1.71944*x)
3, iterativefit, down_hf, 2, 1.6, 2.4, 20, 30, 0.0525, 0.0675, (1.36315+-6.33713*x)
3, iterativefit, down_hf, 2, 1.6, 2.4, 20, 30, 0.0675, 0.0825, (1.30335+-5.45113*x)
3, iterativefit, down_hf, 2, 1.6, 2.4, 20, 30, 0.0825, 0.0975, (0.814549+0.473686*x)
3, iterativefit, down_hf, 2, 1.6, 2.4, 20, 30, 0.0975, 0.1125, (0.637502+2.28955*x)
3, iterativefit, down_hf, 2, 1.6, 2.4, 20, 30, 0.1125, 0.14, (0.901889+-0.060554*x)
3, iterativefit, down_hf, 2, 1.6, 2.4, 20, 30, 0.14, 0.2, (0.775894+0.839411*x)
3, iterativefit, down_hf, 2, 1.6, 2.4, 20, 30, 0.2, 0.28, (0.964781+-0.10502*x)
3, iterativefit, down_hf, 2, 1.6, 2.4, 20, 30, 0.28, 0.665, (0.78978+0.519981*x)
3, iterativefit, down_hf, 2, 1.6, 2.4, 20, 30, 0.665, 1.1, 1.13556754589
3, iterativefit, down_hf, 2, 0.0, 0.8, 30, 40, -15, 0, 0.0
3, iterativefit, down_hf, 2, 0.0, 0.8, 30, 40, 0, 0.0075, 0.890560925007
3, iterativefit, down_hf, 2, 0.0, 0.8, 30, 40, 0.0075, 0.0225, (0.803046+11.6687*x)
3, iterativefit, down_hf, 2, 0.0, 0.8, 30, 40, 0.0225, 0.0375, (1.00906+2.51242*x)
3, iterativefit, down_hf, 2, 0.0, 0.8, 30, 40, 0.0375, 0.0525, (0.961874+3.77077*x)
3, iterativefit, down_hf, 2, 0.0, 0.8, 30, 40, 0.0525, 0.0675, (1.31476+-2.95092*x)
3, iterativefit, down_hf, 2, 0.0, 0.8, 30, 40, 0.0675, 0.0825, (1.27921+-2.42416*x)
3, iterativefit, down_hf, 2, 0.0, 0.8, 30, 40, 0.0825, 0.0975, (0.5087+6.91531*x)
3, iterativefit, down_hf, 2, 0.0, 0.8, 30, 40, 0.0975, 0.1125, (1.50105+-3.26262*x)
3, iterativefit, down_hf, 2, 0.0, 0.8, 30, 40, 0.1125, 0.14, (0.872688+2.3228*x)
3, iterativefit, down_hf, 2, 0.0, 0.8, 30, 40, 0.14, 0.2, (1.36567+-1.19849*x)
3, iterativefit, down_hf, 2, 0.0, 0.8, 30, 40, 0.2, 0.28, (1.00791+0.59028*x)
3, iterativefit, down_hf, 2, 0.0, 0.8, 30, 40, 0.28, 0.665, (0.58414+2.10376*x)
3, iterativefit, down_hf, 2, 0.0, 0.8, 30, 40, 0.665, 1.1, 1.98314106464
3, iterativefit, down_hf, 2, 0.8, 1.6, 30, 40, -15, 0, 0.0
3, iterativefit, down_hf, 2, 0.8, 1.6, 30, 40, 0, 0.0075, 0.922016382217
3, iterativefit, down_hf, 2, 0.8, 1.6, 30, 40, 0.0075, 0.0225, (0.854952+8.94187*x)
3, iterativefit, down_hf, 2, 0.8, 1.6, 30, 40, 0.0225, 0.0375, (1.01473+1.84058*x)
3, iterativefit, down_hf, 2, 0.8, 1.6, 30, 40, 0.0375, 0.0525, (1.19944+-3.08498*x)
3, iterativefit, down_hf, 2, 0.8, 1.6, 30, 40, 0.0525, 0.0675, (1.06965+-0.61276*x)
3, iterativefit, down_hf, 2, 0.8, 1.6, 30, 40, 0.0675, 0.0825, (1.34571+-4.70262*x)
3, iterativefit, down_hf, 2, 0.8, 1.6, 30, 40, 0.0825, 0.0975, (0.702058+3.09927*x)
3, iterativefit, down_hf, 2, 0.8, 1.6, 30, 40, 0.0975, 0.1125, (0.665576+3.47345*x)
3, iterativefit, down_hf, 2, 0.8, 1.6, 30, 40, 0.1125, 0.14, (1.32908+-2.42441*x)
3, iterativefit, down_hf, 2, 0.8, 1.6, 30, 40, 0.14, 0.2, (0.808365+1.29502*x)
3, iterativefit, down_hf, 2, 0.8, 1.6, 30, 40, 0.2, 0.28, (1.10034+-0.164849*x)
3, iterativefit, down_hf, 2, 0.8, 1.6, 30, 40, 0.28, 0.665, (0.661021+1.40414*x)
3, iterativefit, down_hf, 2, 0.8, 1.6, 30, 40, 0.665, 1.1, 1.59477519989
3, iterativefit, down_hf, 2, 1.6, 2.4, 30, 40, -15, 0, 0.0
3, iterativefit, down_hf, 2, 1.6, 2.4, 30, 40, 0, 0.0075, 0.999214708805
3, iterativefit, down_hf, 2, 1.6, 2.4, 30, 40, 0.0075, 0.0225, (0.982904+2.1748*x)
3, iterativefit, down_hf, 2, 1.6, 2.4, 30, 40, 0.0225, 0.0375, (1.0476+-0.700593*x)
3, iterativefit, down_hf, 2, 1.6, 2.4, 30, 40, 0.0375, 0.0525, (1.17112+-3.99459*x)
3, iterativefit, down_hf, 2, 1.6, 2.4, 30, 40, 0.0525, 0.0675, (1.05135+-1.71325*x)
3, iterativefit, down_hf, 2, 1.6, 2.4, 30, 40, 0.0675, 0.0825, (0.95395+-0.27022*x)
3, iterativefit, down_hf, 2, 1.6, 2.4, 30, 40, 0.0825, 0.0975, (1.05177+-1.45587*x)
3, iterativefit, down_hf, 2, 1.6, 2.4, 30, 40, 0.0975, 0.1125, (0.765713+1.47801*x)
3, iterativefit, down_hf, 2, 1.6, 2.4, 30, 40, 0.1125, 0.14, (0.78875+1.27324*x)
3, iterativefit, down_hf, 2, 1.6, 2.4, 30, 40, 0.14, 0.2, (1.13205+-1.17893*x)
3, iterativefit, down_hf, 2, 1.6, 2.4, 30, 40, 0.2, 0.28, (0.63904+1.28614*x)
3, iterativefit, down_hf, 2, 1.6, 2.4, 30, 40, 0.28, 0.665, (0.73352+0.948708*x)
3, iterativefit, down_hf, 2, 1.6, 2.4, 30, 40, 0.665, 1.1, 1.36441123486
3, iterativefit, down_hf, 2, 0.0, 0.8, 40, 60, -15, 0, 0.0
3, iterativefit, down_hf, 2, 0.0, 0.8, 40, 60, 0, 0.0075, 0.908698022366
3, iterativefit, down_hf, 2, 0.0, 0.8, 40, 60, 0.0075, 0.0225, (0.811946+12.9003*x)
3, iterativefit, down_hf, 2, 0.0, 0.8, 40, 60, 0.0225, 0.0375, (1.04787+2.41483*x)
3, iterativefit, down_hf, 2, 0.0, 0.8, 40, 60, 0.0375, 0.0525, (1.07888+1.58777*x)
3, iterativefit, down_hf, 2, 0.0, 0.8, 40, 60, 0.0525, 0.0675, (0.933012+4.36629*x)
3, iterativefit, down_hf, 2, 0.0, 0.8, 40, 60, 0.0675, 0.0825, (1.54705+-4.73063*x)
3, iterativefit, down_hf, 2, 0.0, 0.8, 40, 60, 0.0825, 0.0975, (0.88562+3.28675*x)
3, iterativefit, down_hf, 2, 0.0, 0.8, 40, 60, 0.0975, 0.1125, (2.06399+-8.79912*x)
3, iterativefit, down_hf, 2, 0.0, 0.8, 40, 60, 0.1125, 0.14, (0.752444+2.85909*x)
3, iterativefit, down_hf, 2, 0.0, 0.8, 40, 60, 0.14, 0.2, (1.16508+-0.0882884*x)
3, iterativefit, down_hf, 2, 0.0, 0.8, 40, 60, 0.2, 0.28, (0.781316+1.83052*x)
3, iterativefit, down_hf, 2, 0.0, 0.8, 40, 60, 0.28, 0.665, (0.470833+2.93938*x)
3, iterativefit, down_hf, 2, 0.0, 0.8, 40, 60, 0.665, 1.1, 2.42552113533
3, iterativefit, down_hf, 2, 0.8, 1.6, 40, 60, -15, 0, 0.0
3, iterativefit, down_hf, 2, 0.8, 1.6, 40, 60, 0, 0.0075, 0.94464468956
3, iterativefit, down_hf, 2, 0.8, 1.6, 40, 60, 0.0075, 0.0225, (0.89145+7.0926*x)
3, iterativefit, down_hf, 2, 0.8, 1.6, 40, 60, 0.0225, 0.0375, (0.990998+2.66826*x)
3, iterativefit, down_hf, 2, 0.8, 1.6, 40, 60, 0.0375, 0.0525, (1.14799+-1.51831*x)
3, iterativefit, down_hf, 2, 0.8, 1.6, 40, 60, 0.0525, 0.0675, (0.899727+3.21058*x)
3, iterativefit, down_hf, 2, 0.8, 1.6, 40, 60, 0.0675, 0.0825, (1.67919+-8.33705*x)
3, iterativefit, down_hf, 2, 0.8, 1.6, 40, 60, 0.0825, 0.0975, (1.129+-1.66808*x)
3, iterativefit, down_hf, 2, 0.8, 1.6, 40, 60, 0.0975, 0.1125, (0.253393+7.31253*x)
3, iterativefit, down_hf, 2, 0.8, 1.6, 40, 60, 0.1125, 0.14, (1.17845+-0.910156*x)
3, iterativefit, down_hf, 2, 0.8, 1.6, 40, 60, 0.14, 0.2, (1.0061+0.320882*x)
3, iterativefit, down_hf, 2, 0.8, 1.6, 40, 60, 0.2, 0.28, (1.03183+0.192232*x)
3, iterativefit, down_hf, 2, 0.8, 1.6, 40, 60, 0.28, 0.665, (0.519971+2.0203*x)
3, iterativefit, down_hf, 2, 0.8, 1.6, 40, 60, 0.665, 1.1, 1.86346960068
3, iterativefit, down_hf, 2, 1.6, 2.4, 40, 60, -15, 0, 0.0
3, iterativefit, down_hf, 2, 1.6, 2.4, 40, 60, 0, 0.0075, 0.950344324112
3, iterativefit, down_hf, 2, 1.6, 2.4, 40, 60, 0.0075, 0.0225, (0.907284+5.74137*x)
3, iterativefit, down_hf, 2, 1.6, 2.4, 40, 60, 0.0225, 0.0375, (1.10264+-2.94092*x)
3, iterativefit, down_hf, 2, 1.6, 2.4, 40, 60, 0.0375, 0.0525, (0.962374+0.799394*x)
3, iterativefit, down_hf, 2, 1.6, 2.4, 40, 60, 0.0525, 0.0675, (0.978657+0.489243*x)
3, iterativefit, down_hf, 2, 1.6, 2.4, 40, 60, 0.0675, 0.0825, (1.25382+-3.58724*x)
3, iterativefit, down_hf, 2, 1.6, 2.4, 40, 60, 0.0825, 0.0975, (0.500829+5.53992*x)
3, iterativefit, down_hf, 2, 1.6, 2.4, 40, 60, 0.0975, 0.1125, (0.906038+1.38393*x)
3, iterativefit, down_hf, 2, 1.6, 2.4, 40, 60, 0.1125, 0.14, (1.15703+-0.84714*x)
3, iterativefit, down_hf, 2, 1.6, 2.4, 40, 60, 0.14, 0.2, (1.18004+-1.01146*x)
3, iterativefit, down_hf, 2, 1.6, 2.4, 40, 60, 0.2, 0.28, (0.27351+3.52118*x)
3, iterativefit, down_hf, 2, 1.6, 2.4, 40, 60, 0.28, 0.665, (1.08817+0.611676*x)
3, iterativefit, down_hf, 2, 1.6, 2.4, 40, 60, 0.665, 1.1, 1.4949362278
3, iterativefit, down_hf, 2, 0.0, 0.8, 60, 10000.0, -15, 0, 0.0
3, iterativefit, down_hf, 2, 0.0, 0.8, 60, 10000.0, 0, 0.0075, 0.934702634811
3, iterativefit, down_hf, 2, 0.0, 0.8, 60, 10000.0, 0.0075, 0.0225, (0.850355+11.2463*x)
3, iterativefit, down_hf, 2, 0.0, 0.8, 60, 10000.0, 0.0225, 0.0375, (1.17334+-3.10857*x)
3, iterativefit, down_hf, 2, 0.0, 0.8, 60, 10000.0, 0.0375, 0.0525, (0.870134+4.97693*x)
3, iterativefit, down_hf, 2, 0.0, 0.8, 60, 10000.0, 0.0525, 0.0675, (1.20403+-1.38292*x)
3, iterativefit, down_hf, 2, 0.0, 0.8, 60, 10000.0, 0.0675, 0.0825, (0.792051+4.72043*x)
3, iterativefit, down_hf, 2, 0.0, 0.8, 60, 10000.0, 0.0825, 0.0975, (1.00749+2.10905*x)
3, iterativefit, down_hf, 2, 0.0, 0.8, 60, 10000.0, 0.0975, 0.1125, (2.04363+-8.51804*x)
3, iterativefit, down_hf, 2, 0.0, 0.8, 60, 10000.0, 0.1125, 0.14, (0.972987+0.998792*x)
3, iterativefit, down_hf, 2, 0.0, 0.8, 60, 10000.0, 0.14, 0.2, (0.92019+1.37592*x)
3, iterativefit, down_hf, 2, 0.0, 0.8, 60, 10000.0, 0.2, 0.28, (1.04068+0.773473*x)
3, iterativefit, down_hf, 2, 0.0, 0.8, 60, 10000.0, 0.28, 0.665, (0.297061+3.42925*x)
3, iterativefit, down_hf, 2, 0.0, 0.8, 60, 10000.0, 0.665, 1.1, 2.57751083374
3, iterativefit, down_hf, 2, 0.8, 1.6, 60, 10000.0, -15, 0, 0.0
3, iterativefit, down_hf, 2, 0.8, 1.6, 60, 10000.0, 0, 0.0075, 0.961961150169
3, iterativefit, down_hf, 2, 0.8, 1.6, 60, 10000.0, 0.0075, 0.0225, (0.928652+4.44129*x)
3, iterativefit, down_hf, 2, 0.8, 1.6, 60, 10000.0, 0.0225, 0.0375, (0.915702+5.01682*x)
3, iterativefit, down_hf, 2, 0.8, 1.6, 60, 10000.0, 0.0375, 0.0525, (1.0956+0.219647*x)
3, iterativefit, down_hf, 2, 0.8, 1.6, 60, 10000.0, 0.0525, 0.0675, (1.08306+0.458511*x)
3, iterativefit, down_hf, 2, 0.8, 1.6, 60, 10000.0, 0.0675, 0.0825, (1.67022+-8.24027*x)
3, iterativefit, down_hf, 2, 0.8, 1.6, 60, 10000.0, 0.0825, 0.0975, (0.627754+4.39572*x)
3, iterativefit, down_hf, 2, 0.8, 1.6, 60, 10000.0, 0.0975, 0.1125, (1.00237+0.553489*x)
3, iterativefit, down_hf, 2, 0.8, 1.6, 60, 10000.0, 0.1125, 0.14, (1.06012+0.040154*x)
3, iterativefit, down_hf, 2, 0.8, 1.6, 60, 10000.0, 0.14, 0.2, (1.24979+-1.31462*x)
3, iterativefit, down_hf, 2, 0.8, 1.6, 60, 10000.0, 0.2, 0.28, (0.936796+0.250349*x)
3, iterativefit, down_hf, 2, 0.8, 1.6, 60, 10000.0, 0.28, 0.665, (0.374236+2.25949*x)
3, iterativefit, down_hf, 2, 0.8, 1.6, 60, 10000.0, 0.665, 1.1, 1.87679839134
3, iterativefit, down_hf, 2, 1.6, 2.4, 60, 10000.0, -15, 0, 0.0
3, iterativefit, down_hf, 2, 1.6, 2.4, 60, 10000.0, 0, 0.0075, 0.959012925625
3, iterativefit, down_hf, 2, 1.6, 2.4, 60, 10000.0, 0.0075, 0.0225, (0.939757+2.56741*x)
3, iterativefit, down_hf, 2, 1.6, 2.4, 60, 10000.0, 0.0225, 0.0375, (0.897758+4.43405*x)
3, iterativefit, down_hf, 2, 1.6, 2.4, 60, 10000.0, 0.0375, 0.0525, (1.08335+-0.515111*x)
3, iterativefit, down_hf, 2, 1.6, 2.4, 60, 10000.0, 0.0525, 0.0675, (1.00519+0.973694*x)
3, iterativefit, down_hf, 2, 1.6, 2.4, 60, 10000.0, 0.0675, 0.0825, (1.41137+-5.04377*x)
3, iterativefit, down_hf, 2, 1.6, 2.4, 60, 10000.0, 0.0825, 0.0975, (0.0505412+11.4511*x)
3, iterativefit, down_hf, 2, 1.6, 2.4, 60, 10000.0, 0.0975, 0.1125, (1.12785+0.401823*x)
3, iterativefit, down_hf, 2, 1.6, 2.4, 60, 10000.0, 0.1125, 0.14, (1.99905+-7.34225*x)
3, iterativefit, down_hf, 2, 1.6, 2.4, 60, 10000.0, 0.14, 0.2, (0.619986+2.50824*x)
3, iterativefit, down_hf, 2, 1.6, 2.4, 60, 10000.0, 0.2, 0.28, (0.961293+0.801699*x)
3, iterativefit, down_hf, 2, 1.6, 2.4, 60, 10000.0, 0.28, 0.665, (0.876066+1.10608*x)
3, iterativefit, down_hf, 2, 1.6, 2.4, 60, 10000.0, 0.665, 1.1, 1.61161088943
3, iterativefit, central, 0, 0.0, 2.4, 20, 30, -15, 0, 0.0
3, iterativefit, central, 0, 0.0, 2.4, 20, 30, 0, 0.08, 1.21510434151
3, iterativefit, central, 0, 0.0, 2.4, 20, 30, 0.08, 0.2, (1.32271+-1.34512*x)
3, iterativefit, central, 0, 0.0, 2.4, 20, 30, 0.2, 0.28, (1.05654+-0.0142589*x)
3, iterativefit, central, 0, 0.0, 2.4, 20, 30, 0.28, 0.36, (1.12225+-0.248946*x)
3, iterativefit, central, 0, 0.0, 2.4, 20, 30, 0.36, 0.44, (1.19553+-0.452482*x)
3, iterativefit, central, 0, 0.0, 2.4, 20, 30, 0.44, 0.52, (1.3658+-0.839467*x)
3, iterativefit, central, 0, 0.0, 2.4, 20, 30, 0.52, 0.6, (0.677982+0.483262*x)
3, iterativefit, central, 0, 0.0, 2.4, 20, 30, 0.6, 0.68, (1.71017+-1.23706*x)
3, iterativefit, central, 0, 0.0, 2.4, 20, 30, 0.68, 0.76, (0.818242+0.0746056*x)
3, iterativefit, central, 0, 0.0, 2.4, 20, 30, 0.76, 0.82, (1.50206+-0.82515*x)
3, iterativefit, central, 0, 0.0, 2.4, 20, 30, 0.82, 0.86, (-2.05413+3.51166*x)
3, iterativefit, central, 0, 0.0, 2.4, 20, 30, 0.86, 0.9, (2.99152+-2.35538*x)
3, iterativefit, central, 0, 0.0, 2.4, 20, 30, 0.9, 0.935, (0.446322+0.472626*x)
3, iterativefit, central, 0, 0.0, 2.4, 20, 30, 0.935, 0.965, (-0.515273+1.50107*x)
3, iterativefit, central, 0, 0.0, 2.4, 20, 30, 0.965, 0.995, (5.37478+-4.60261*x)
3, iterativefit, central, 0, 0.0, 2.4, 20, 30, 0.995, 1.1, 0.795180559158
3, iterativefit, central, 0, 0.0, 2.4, 30, 50, -15, 0, 0.0
3, iterativefit, central, 0, 0.0, 2.4, 30, 50, 0, 0.08, 1.07638394833
3, iterativefit, central, 0, 0.0, 2.4, 30, 50, 0.08, 0.2, (1.05547+0.261451*x)
3, iterativefit, central, 0, 0.0, 2.4, 30, 50, 0.2, 0.28, (1.18638+-0.393109*x)
3, iterativefit, central, 0, 0.0, 2.4, 30, 50, 0.28, 0.36, (1.23913+-0.581519*x)
3, iterativefit, central, 0, 0.0, 2.4, 30, 50, 0.36, 0.44, (0.900532+0.359043*x)
3, iterativefit, central, 0, 0.0, 2.4, 30, 50, 0.44, 0.52, (1.16818+-0.249241*x)
3, iterativefit, central, 0, 0.0, 2.4, 30, 50, 0.52, 0.6, (1.45724+-0.805128*x)
3, iterativefit, central, 0, 0.0, 2.4, 30, 50, 0.6, 0.68, (0.893791+0.133951*x)
3, iterativefit, central, 0, 0.0, 2.4, 30, 50, 0.68, 0.76, (1.03492+-0.0735879*x)
3, iterativefit, central, 0, 0.0, 2.4, 30, 50, 0.76, 0.82, (1.42077+-0.581291*x)
3, iterativefit, central, 0, 0.0, 2.4, 30, 50, 0.82, 0.86, (-0.256977+1.46474*x)
3, iterativefit, central, 0, 0.0, 2.4, 30, 50, 0.86, 0.9, (0.993638+0.0105411*x)
3, iterativefit, central, 0, 0.0, 2.4, 30, 50, 0.9, 0.935, (1.94593+-1.04756*x)
3, iterativefit, central, 0, 0.0, 2.4, 30, 50, 0.935, 0.965, (1.02953+-0.0674546*x)
3, iterativefit, central, 0, 0.0, 2.4, 30, 50, 0.965, 0.995, (2.41628+-1.5045*x)
3, iterativefit, central, 0, 0.0, 2.4, 30, 50, 0.995, 1.1, 0.919301509857
3, iterativefit, central, 0, 0.0, 2.4, 50, 70, -15, 0, 0.0
3, iterativefit, central, 0, 0.0, 2.4, 50, 70, 0, 0.08, 1.09475290775
3, iterativefit, central, 0, 0.0, 2.4, 50, 70, 0.08, 0.2, (1.16031+-0.819464*x)
3, iterativefit, central, 0, 0.0, 2.4, 50, 70, 0.2, 0.28, (0.754901+1.20758*x)
3, iterativefit, central, 0, 0.0, 2.4, 50, 70, 0.28, 0.36, (1.10369+-0.0380948*x)
3, iterativefit, central, 0, 0.0, 2.4, 50, 70, 0.36, 0.44, (1.5252+-1.20896*x)
3, iterativefit, central, 0, 0.0, 2.4, 50, 70, 0.44, 0.52, (0.596738+0.901184*x)
3, iterativefit, central, 0, 0.0, 2.4, 50, 70, 0.52, 0.6, (1.69107+-1.20329*x)
3, iterativefit, central, 0, 0.0, 2.4, 50, 70, 0.6, 0.68, (0.431617+0.895789*x)
3, iterativefit, central, 0, 0.0, 2.4, 50, 70, 0.68, 0.76, (1.09635+-0.0817537*x)
3, iterativefit, central, 0, 0.0, 2.4, 50, 70, 0.76, 0.82, (1.63398+-0.789165*x)
3, iterativefit, central, 0, 0.0, 2.4, 50, 70, 0.82, 0.86, (-0.180798+1.42398*x)
3, iterativefit, central, 0, 0.0, 2.4, 50, 70, 0.86, 0.9, (1.78033+-0.856408*x)
3, iterativefit, central, 0, 0.0, 2.4, 50, 70, 0.9, 0.935, (2.39026+-1.53411*x)
3, iterativefit, central, 0, 0.0, 2.4, 50, 70, 0.935, 0.965, (0.409017+0.584873*x)
3, iterativefit, central, 0, 0.0, 2.4, 50, 70, 0.965, 0.995, (2.13068+-1.19923*x)
3, iterativefit, central, 0, 0.0, 2.4, 50, 70, 0.995, 1.1, 0.937441647053
3, iterativefit, central, 0, 0.0, 2.4, 70, 100, -15, 0, 0.0
3, iterativefit, central, 0, 0.0, 2.4, 70, 100, 0, 0.08, 1.13849043846
3, iterativefit, central, 0, 0.0, 2.4, 70, 100, 0.08, 0.2, (1.16664+-0.351839*x)
3, iterativefit, central, 0, 0.0, 2.4, 70, 100, 0.2, 0.28, (1.24425+-0.739892*x)
3, iterativefit, central, 0, 0.0, 2.4, 70, 100, 0.28, 0.36, (1.04336+-0.0224411*x)
3, iterativefit, central, 0, 0.0, 2.4, 70, 100, 0.36, 0.44, (1.12489+-0.248902*x)
3, iterativefit, central, 0, 0.0, 2.4, 70, 100, 0.44, 0.52, (0.996691+0.0424534*x)
3, iterativefit, central, 0, 0.0, 2.4, 70, 100, 0.52, 0.6, (1.04457+-0.0496134*x)
3, iterativefit, central, 0, 0.0, 2.4, 70, 100, 0.6, 0.68, (0.923729+0.151782*x)
3, iterativefit, central, 0, 0.0, 2.4, 70, 100, 0.68, 0.76, (1.63617+-0.895929*x)
3, iterativefit, central, 0, 0.0, 2.4, 70, 100, 0.76, 0.82, (-0.0655864+1.34323*x)
3, iterativefit, central, 0, 0.0, 2.4, 70, 100, 0.82, 0.86, (2.73634+-2.07376*x)
3, iterativefit, central, 0, 0.0, 2.4, 70, 100, 0.86, 0.9, (0.884779+0.079222*x)
3, iterativefit, central, 0, 0.0, 2.4, 70, 100, 0.9, 0.935, (-0.0861145+1.15799*x)
3, iterativefit, central, 0, 0.0, 2.4, 70, 100, 0.935, 0.965, (1.30761+-0.332626*x)
3, iterativefit, central, 0, 0.0, 2.4, 70, 100, 0.965, 0.995, (2.75404+-1.83151*x)
3, iterativefit, central, 0, 0.0, 2.4, 70, 100, 0.995, 1.1, 0.931684076786
3, iterativefit, central, 0, 0.0, 2.4, 100, 10000.0, -15, 0, 0.0
3, iterativefit, central, 0, 0.0, 2.4, 100, 10000.0, 0, 0.08, 1.26631438732
3, iterativefit, central, 0, 0.0, 2.4, 100, 10000.0, 0.08, 0.2, (1.42894+-2.03279*x)
3, iterativefit, central, 0, 0.0, 2.4, 100, 10000.0, 0.2, 0.28, (1.00825+0.07063*x)
3, iterativefit, central, 0, 0.0, 2.4, 100, 10000.0, 0.28, 0.36, (1.09545+-0.240785*x)
3, iterativefit, central, 0, 0.0, 2.4, 100, 10000.0, 0.36, 0.44, (1.16703+-0.439605*x)
3, iterativefit, central, 0, 0.0, 2.4, 100, 10000.0, 0.44, 0.52, (0.914966+0.133258*x)
3, iterativefit, central, 0, 0.0, 2.4, 100, 10000.0, 0.52, 0.6, (0.713621+0.520459*x)
3, iterativefit, central, 0, 0.0, 2.4, 100, 10000.0, 0.6, 0.68, (1.46064+-0.724565*x)
3, iterativefit, central, 0, 0.0, 2.4, 100, 10000.0, 0.68, 0.76, (1.0065+-0.0567235*x)
3, iterativefit, central, 0, 0.0, 2.4, 100, 10000.0, 0.76, 0.82, (0.770605+0.253669*x)
3, iterativefit, central, 0, 0.0, 2.4, 100, 10000.0, 0.82, 0.86, (0.625069+0.431152*x)
3, iterativefit, central, 0, 0.0, 2.4, 100, 10000.0, 0.86, 0.9, (2.40669+-1.6405*x)
3, iterativefit, central, 0, 0.0, 2.4, 100, 10000.0, 0.9, 0.935, (0.782051+0.164654*x)
3, iterativefit, central, 0, 0.0, 2.4, 100, 10000.0, 0.935, 0.965, (0.172634+0.816437*x)
3, iterativefit, central, 0, 0.0, 2.4, 100, 10000.0, 0.965, 0.995, (1.70749+-0.774091*x)
3, iterativefit, central, 0, 0.0, 2.4, 100, 10000.0, 0.995, 1.1, 0.937272667885
3, iterativefit, central, 2, 0.0, 0.8, 20, 30, -15, 0, 0.0
3, iterativefit, central, 2, 0.0, 0.8, 20, 30, 0, 0.0075, 0.810350418091
3, iterativefit, central, 2, 0.0, 0.8, 20, 30, 0.0075, 0.0225, (0.706157+13.8925*x)
3, iterativefit, central, 2, 0.0, 0.8, 20, 30, 0.0225, 0.0375, (0.885333+5.92914*x)
3, iterativefit, central, 2, 0.0, 0.8, 20, 30, 0.0375, 0.0525, (1.04584+1.64896*x)
3, iterativefit, central, 2, 0.0, 0.8, 20, 30, 0.0525, 0.0675, (1.16063+-0.537443*x)
3, iterativefit, central, 2, 0.0, 0.8, 20, 30, 0.0675, 0.0825, (1.24328+-1.76197*x)
3, iterativefit, central, 2, 0.0, 0.8, 20, 30, 0.0825, 0.0975, (0.623715+5.74792*x)
3, iterativefit, central, 2, 0.0, 0.8, 20, 30, 0.0975, 0.1125, (1.39339+-2.14619*x)
3, iterativefit, central, 2, 0.0, 0.8, 20, 30, 0.1125, 0.14, (1.18892+-0.328693*x)
3, iterativefit, central, 2, 0.0, 0.8, 20, 30, 0.14, 0.2, (1.18322+-0.287958*x)
3, iterativefit, central, 2, 0.0, 0.8, 20, 30, 0.2, 0.28, (1.44482+-1.59595*x)
3, iterativefit, central, 2, 0.0, 0.8, 20, 30, 0.28, 0.665, (0.976389+0.0770089*x)
3, iterativefit, central, 2, 0.0, 0.8, 20, 30, 0.665, 1.1, 1.02760028839
3, iterativefit, central, 2, 0.8, 1.6, 20, 30, -15, 0, 0.0
3, iterativefit, central, 2, 0.8, 1.6, 20, 30, 0, 0.0075, 0.837792336941
3, iterativefit, central, 2, 0.8, 1.6, 20, 30, 0.0075, 0.0225, (0.748047+11.966*x)
3, iterativefit, central, 2, 0.8, 1.6, 20, 30, 0.0225, 0.0375, (0.913239+4.62418*x)
3, iterativefit, central, 2, 0.8, 1.6, 20, 30, 0.0375, 0.0525, (0.997652+2.37315*x)
3, iterativefit, central, 2, 0.8, 1.6, 20, 30, 0.0525, 0.0675, (1.15906+-0.701181*x)
3, iterativefit, central, 2, 0.8, 1.6, 20, 30, 0.0675, 0.0825, (1.35567+-3.61393*x)
3, iterativefit, central, 2, 0.8, 1.6, 20, 30, 0.0825, 0.0975, (1.05902+-0.0182788*x)
3, iterativefit, central, 2, 0.8, 1.6, 20, 30, 0.0975, 0.1125, (1.3069+-2.56058*x)
3, iterativefit, central, 2, 0.8, 1.6, 20, 30, 0.1125, 0.14, (0.930629+0.784042*x)
3, iterativefit, central, 2, 0.8, 1.6, 20, 30, 0.14, 0.2, (1.20916+-1.20544*x)
3, iterativefit, central, 2, 0.8, 1.6, 20, 30, 0.2, 0.28, (1.1994+-1.15665*x)
3, iterativefit, central, 2, 0.8, 1.6, 20, 30, 0.28, 0.665, (0.944017+-0.244571*x)
3, iterativefit, central, 2, 0.8, 1.6, 20, 30, 0.665, 1.1, 0.781377136707
3, iterativefit, central, 2, 1.6, 2.4, 20, 30, -15, 0, 0.0
3, iterativefit, central, 2, 1.6, 2.4, 20, 30, 0, 0.0075, 0.991231441498
3, iterativefit, central, 2, 1.6, 2.4, 20, 30, 0.0075, 0.0225, (0.946462+5.96922*x)
3, iterativefit, central, 2, 1.6, 2.4, 20, 30, 0.0225, 0.0375, (1.11247+-1.40871*x)
3, iterativefit, central, 2, 1.6, 2.4, 20, 30, 0.0375, 0.0525, (1.12429+-1.72393*x)
3, iterativefit, central, 2, 1.6, 2.4, 20, 30, 0.0525, 0.0675, (1.37038+-6.41143*x)
3, iterativefit, central, 2, 1.6, 2.4, 20, 30, 0.0675, 0.0825, (1.31833+-5.64029*x)
3, iterativefit, central, 2, 1.6, 2.4, 20, 30, 0.0825, 0.0975, (0.821802+0.378207*x)
3, iterativefit, central, 2, 1.6, 2.4, 20, 30, 0.0975, 0.1125, (0.649991+2.14037*x)
3, iterativefit, central, 2, 1.6, 2.4, 20, 30, 0.1125, 0.14, (0.925628+-0.309732*x)
3, iterativefit, central, 2, 1.6, 2.4, 20, 30, 0.14, 0.2, (0.788387+0.670559*x)
3, iterativefit, central, 2, 1.6, 2.4, 20, 30, 0.2, 0.28, (0.995723+-0.366119*x)
3, iterativefit, central, 2, 1.6, 2.4, 20, 30, 0.28, 0.665, (0.865535+0.0988375*x)
3, iterativefit, central, 2, 1.6, 2.4, 20, 30, 0.665, 1.1, 0.931261897087
3, iterativefit, central, 2, 0.0, 0.8, 30, 40, -15, 0, 0.0
3, iterativefit, central, 2, 0.0, 0.8, 30, 40, 0, 0.0075, 0.90177834034
3, iterativefit, central, 2, 0.0, 0.8, 30, 40, 0.0075, 0.0225, (0.815148+11.5507*x)
3, iterativefit, central, 2, 0.0, 0.8, 30, 40, 0.0225, 0.0375, (1.02246+2.33665*x)
3, iterativefit, central, 2, 0.0, 0.8, 30, 40, 0.0375, 0.0525, (0.981317+3.4339*x)
3, iterativefit, central, 2, 0.0, 0.8, 30, 40, 0.0525, 0.0675, (1.35434+-3.67135*x)
3, iterativefit, central, 2, 0.0, 0.8, 30, 40, 0.0675, 0.0825, (1.30423+-2.92898*x)
3, iterativefit, central, 2, 0.0, 0.8, 30, 40, 0.0825, 0.0975, (0.509321+6.70632*x)
3, iterativefit, central, 2, 0.0, 0.8, 30, 40, 0.0975, 0.1125, (1.5507+-3.97454*x)
3, iterativefit, central, 2, 0.0, 0.8, 30, 40, 0.1125, 0.14, (0.892385+1.87718*x)
3, iterativefit, central, 2, 0.0, 0.8, 30, 40, 0.14, 0.2, (1.42054+-1.89536*x)
3, iterativefit, central, 2, 0.0, 0.8, 30, 40, 0.2, 0.28, (1.14626+-0.523966*x)
3, iterativefit, central, 2, 0.0, 0.8, 30, 40, 0.28, 0.665, (0.969673+0.106711*x)
3, iterativefit, central, 2, 0.0, 0.8, 30, 40, 0.665, 1.1, 1.04063606262
3, iterativefit, central, 2, 0.8, 1.6, 30, 40, -15, 0, 0.0
3, iterativefit, central, 2, 0.8, 1.6, 30, 40, 0, 0.0075, 0.93316924572
3, iterativefit, central, 2, 0.8, 1.6, 30, 40, 0.0075, 0.0225, (0.867275+8.78595*x)
3, iterativefit, central, 2, 0.8, 1.6, 30, 40, 0.0225, 0.0375, (1.0292+1.58942*x)
3, iterativefit, central, 2, 0.8, 1.6, 30, 40, 0.0375, 0.0525, (1.2145+-3.35199*x)
3, iterativefit, central, 2, 0.8, 1.6, 30, 40, 0.0525, 0.0675, (1.08897+-0.960962*x)
3, iterativefit, central, 2, 0.8, 1.6, 30, 40, 0.0675, 0.0825, (1.36989+-5.12278*x)
3, iterativefit, central, 2, 0.8, 1.6, 30, 40, 0.0825, 0.0975, (0.72463+2.69859*x)
3, iterativefit, central, 2, 0.8, 1.6, 30, 40, 0.0975, 0.1125, (0.651784+3.44572*x)
3, iterativefit, central, 2, 0.8, 1.6, 30, 40, 0.1125, 0.14, (1.39416+-3.15314*x)
3, iterativefit, central, 2, 0.8, 1.6, 30, 40, 0.14, 0.2, (0.858187+0.675212*x)
3, iterativefit, central, 2, 0.8, 1.6, 30, 40, 0.2, 0.28, (1.17778+-0.922755*x)
3, iterativefit, central, 2, 0.8, 1.6, 30, 40, 0.28, 0.665, (0.918033+0.004917*x)
3, iterativefit, central, 2, 0.8, 1.6, 30, 40, 0.665, 1.1, 0.921302556992
3, iterativefit, central, 2, 1.6, 2.4, 30, 40, -15, 0, 0.0
3, iterativefit, central, 2, 1.6, 2.4, 30, 40, 0, 0.0075, 1.01066768169
3, iterativefit, central, 2, 1.6, 2.4, 30, 40, 0.0075, 0.0225, (0.996074+1.94576*x)
3, iterativefit, central, 2, 1.6, 2.4, 30, 40, 0.0225, 0.0375, (1.06275+-1.01779*x)
3, iterativefit, central, 2, 1.6, 2.4, 30, 40, 0.0375, 0.0525, (1.17951+-4.13127*x)
3, iterativefit, central, 2, 1.6, 2.4, 30, 40, 0.0525, 0.0675, (1.05962+-1.84772*x)
3, iterativefit, central, 2, 1.6, 2.4, 30, 40, 0.0675, 0.0825, (0.971658+-0.544532*x)
3, iterativefit, central, 2, 1.6, 2.4, 30, 40, 0.0825, 0.0975, (1.08659+-1.93764*x)
3, iterativefit, central, 2, 1.6, 2.4, 30, 40, 0.0975, 0.1125, (0.751612+1.49803*x)
3, iterativefit, central, 2, 1.6, 2.4, 30, 40, 0.1125, 0.14, (0.839175+0.719692*x)
3, iterativefit, central, 2, 1.6, 2.4, 30, 40, 0.14, 0.2, (1.13285+-1.37799*x)
3, iterativefit, central, 2, 1.6, 2.4, 30, 40, 0.2, 0.28, (0.706825+0.752138*x)
3, iterativefit, central, 2, 1.6, 2.4, 30, 40, 0.28, 0.665, (0.867596+0.177955*x)
3, iterativefit, central, 2, 1.6, 2.4, 30, 40, 0.665, 1.1, 0.985936284065
3, iterativefit, central, 2, 0.0, 0.8, 40, 60, -15, 0, 0.0
3, iterativefit, central, 2, 0.0, 0.8, 40, 60, 0, 0.0075, 0.921823978424
3, iterativefit, central, 2, 0.0, 0.8, 40, 60, 0.0075, 0.0225, (0.827203+12.6161*x)
3, iterativefit, central, 2, 0.0, 0.8, 40, 60, 0.0225, 0.0375, (1.06751+1.93594*x)
3, iterativefit, central, 2, 0.0, 0.8, 40, 60, 0.0375, 0.0525, (1.10775+0.862861*x)
3, iterativefit, central, 2, 0.0, 0.8, 40, 60, 0.0525, 0.0675, (0.936798+4.11905*x)
3, iterativefit, central, 2, 0.0, 0.8, 40, 60, 0.0675, 0.0825, (1.57748+-5.37248*x)
3, iterativefit, central, 2, 0.0, 0.8, 40, 60, 0.0825, 0.0975, (1.015+1.44545*x)
3, iterativefit, central, 2, 0.0, 0.8, 40, 60, 0.0975, 0.1125, (2.03564+-9.02266*x)
3, iterativefit, central, 2, 0.0, 0.8, 40, 60, 0.1125, 0.14, (0.801343+1.94885*x)
3, iterativefit, central, 2, 0.0, 0.8, 40, 60, 0.14, 0.2, (1.17496+-0.719831*x)
3, iterativefit, central, 2, 0.0, 0.8, 40, 60, 0.2, 0.28, (0.915596+0.576977*x)
3, iterativefit, central, 2, 0.0, 0.8, 40, 60, 0.28, 0.665, (1.1469+-0.249119*x)
3, iterativefit, central, 2, 0.0, 0.8, 40, 60, 0.665, 1.1, 0.981239199638
3, iterativefit, central, 2, 0.8, 1.6, 40, 60, -15, 0, 0.0
3, iterativefit, central, 2, 0.8, 1.6, 40, 60, 0, 0.0075, 0.957107782364
3, iterativefit, central, 2, 0.8, 1.6, 40, 60, 0.0075, 0.0225, (0.906248+6.78126*x)
3, iterativefit, central, 2, 0.8, 1.6, 40, 60, 0.0225, 0.0375, (1.00558+2.36644*x)
3, iterativefit, central, 2, 0.8, 1.6, 40, 60, 0.0375, 0.0525, (1.17035+-2.02731*x)
3, iterativefit, central, 2, 0.8, 1.6, 40, 60, 0.0525, 0.0675, (0.943167+2.29994*x)
3, iterativefit, central, 2, 0.8, 1.6, 40, 60, 0.0675, 0.0825, (1.70218+-8.94477*x)
3, iterativefit, central, 2, 0.8, 1.6, 40, 60, 0.0825, 0.0975, (1.11018+-1.76899*x)
3, iterativefit, central, 2, 0.8, 1.6, 40, 60, 0.0975, 0.1125, (0.307768+6.46091*x)
3, iterativefit, central, 2, 0.8, 1.6, 40, 60, 0.1125, 0.14, (1.22357+-1.67956*x)
3, iterativefit, central, 2, 0.8, 1.6, 40, 60, 0.14, 0.2, (1.07087+-0.58885*x)
3, iterativefit, central, 2, 0.8, 1.6, 40, 60, 0.2, 0.28, (0.988959+-0.179289*x)
3, iterativefit, central, 2, 0.8, 1.6, 40, 60, 0.28, 0.665, (0.948446+-0.0346013*x)
3, iterativefit, central, 2, 0.8, 1.6, 40, 60, 0.665, 1.1, 0.92543643713
3, iterativefit, central, 2, 1.6, 2.4, 40, 60, -15, 0, 0.0
3, iterativefit, central, 2, 1.6, 2.4, 40, 60, 0, 0.0075, 0.961708068848
3, iterativefit, central, 2, 1.6, 2.4, 40, 60, 0.0075, 0.0225, (0.920663+5.47265*x)
3, iterativefit, central, 2, 1.6, 2.4, 40, 60, 0.0225, 0.0375, (1.11714+-3.25962*x)
3, iterativefit, central, 2, 1.6, 2.4, 40, 60, 0.0375, 0.0525, (0.975685+0.512501*x)
3, iterativefit, central, 2, 1.6, 2.4, 40, 60, 0.0525, 0.0675, (0.991199+0.216993*x)
3, iterativefit, central, 2, 1.6, 2.4, 40, 60, 0.0675, 0.0825, (1.28034+-4.06657*x)
3, iterativefit, central, 2, 1.6, 2.4, 40, 60, 0.0825, 0.0975, (0.494479+5.45901*x)
3, iterativefit, central, 2, 1.6, 2.4, 40, 60, 0.0975, 0.1125, (0.912921+1.1673*x)
3, iterativefit, central, 2, 1.6, 2.4, 40, 60, 0.1125, 0.14, (1.20307+-1.41177*x)
3, iterativefit, central, 2, 1.6, 2.4, 40, 60, 0.14, 0.2, (1.222+-1.547*x)
3, iterativefit, central, 2, 1.6, 2.4, 40, 60, 0.2, 0.28, (0.286721+3.12939*x)
3, iterativefit, central, 2, 1.6, 2.4, 40, 60, 0.28, 0.665, (1.3587+-0.699109*x)
3, iterativefit, central, 2, 1.6, 2.4, 40, 60, 0.665, 1.1, 0.893791973591
3, iterativefit, central, 2, 0.0, 0.8, 60, 10000.0, -15, 0, 0.0
3, iterativefit, central, 2, 0.0, 0.8, 60, 10000.0, 0, 0.0075, 0.949420571327
3, iterativefit, central, 2, 0.0, 0.8, 60, 10000.0, 0.0075, 0.0225, (0.86847+10.7934*x)
3, iterativefit, central, 2, 0.0, 0.8, 60, 10000.0, 0.0225, 0.0375, (1.20667+-4.23769*x)
3, iterativefit, central, 2, 0.0, 0.8, 60, 10000.0, 0.0375, 0.0525, (0.891259+4.17325*x)
3, iterativefit, central, 2, 0.0, 0.8, 60, 10000.0, 0.0525, 0.0675, (1.23894+-2.44932*x)
3, iterativefit, central, 2, 0.0, 0.8, 60, 10000.0, 0.0675, 0.0825, (0.807108+3.94824*x)
3, iterativefit, central, 2, 0.0, 0.8, 60, 10000.0, 0.0825, 0.0975, (1.02397+1.31963*x)
3, iterativefit, central, 2, 0.0, 0.8, 60, 10000.0, 0.0975, 0.1125, (2.02906+-8.989*x)
3, iterativefit, central, 2, 0.0, 0.8, 60, 10000.0, 0.1125, 0.14, (1.01654+0.011158*x)
3, iterativefit, central, 2, 0.0, 0.8, 60, 10000.0, 0.14, 0.2, (0.914877+0.737337*x)
3, iterativefit, central, 2, 0.0, 0.8, 60, 10000.0, 0.2, 0.28, (1.22783+-0.827409*x)
3, iterativefit, central, 2, 0.0, 0.8, 60, 10000.0, 0.28, 0.665, (0.799786+0.701308*x)
3, iterativefit, central, 2, 0.0, 0.8, 60, 10000.0, 0.665, 1.1, 1.26615583897
3, iterativefit, central, 2, 0.8, 1.6, 60, 10000.0, -15, 0, 0.0
3, iterativefit, central, 2, 0.8, 1.6, 60, 10000.0, 0, 0.0075, 0.976932883263
3, iterativefit, central, 2, 0.8, 1.6, 60, 10000.0, 0.0075, 0.0225, (0.94769+3.89911*x)
3, iterativefit, central, 2, 0.8, 1.6, 60, 10000.0, 0.0225, 0.0375, (0.930674+4.65535*x)
3, iterativefit, central, 2, 0.8, 1.6, 60, 10000.0, 0.0375, 0.0525, (1.12876+-0.626985*x)
3, iterativefit, central, 2, 0.8, 1.6, 60, 10000.0, 0.0525, 0.0675, (1.09003+0.110753*x)
3, iterativefit, central, 2, 0.8, 1.6, 60, 10000.0, 0.0675, 0.0825, (1.71416+-9.1356*x)
3, iterativefit, central, 2, 0.8, 1.6, 60, 10000.0, 0.0825, 0.0975, (0.658635+3.65863*x)
3, iterativefit, central, 2, 0.8, 1.6, 60, 10000.0, 0.0975, 0.1125, (0.956997+0.59851*x)
3, iterativefit, central, 2, 0.8, 1.6, 60, 10000.0, 0.1125, 0.14, (1.10338+-0.702637*x)
3, iterativefit, central, 2, 0.8, 1.6, 60, 10000.0, 0.14, 0.2, (1.2881+-2.02207*x)
3, iterativefit, central, 2, 0.8, 1.6, 60, 10000.0, 0.2, 0.28, (1.03404+-0.75179*x)
3, iterativefit, central, 2, 0.8, 1.6, 60, 10000.0, 0.28, 0.665, (0.739045+0.301765*x)
3, iterativefit, central, 2, 0.8, 1.6, 60, 10000.0, 0.665, 1.1, 0.939718902111
3, iterativefit, central, 2, 1.6, 2.4, 60, 10000.0, -15, 0, 0.0
3, iterativefit, central, 2, 1.6, 2.4, 60, 10000.0, 0, 0.0075, 0.971648156643
3, iterativefit, central, 2, 1.6, 2.4, 60, 10000.0, 0.0075, 0.0225, (0.955116+2.20429*x)
3, iterativefit, central, 2, 1.6, 2.4, 60, 10000.0, 0.0225, 0.0375, (0.910362+4.19336*x)
3, iterativefit, central, 2, 1.6, 2.4, 60, 10000.0, 0.0375, 0.0525, (1.10837+-1.08674*x)
3, iterativefit, central, 2, 1.6, 2.4, 60, 10000.0, 0.0525, 0.0675, (0.994266+1.08658*x)
3, iterativefit, central, 2, 1.6, 2.4, 60, 10000.0, 0.0675, 0.0825, (1.48959+-6.25158*x)
3, iterativefit, central, 2, 1.6, 2.4, 60, 10000.0, 0.0825, 0.0975, (0.0500711+11.1972*x)
3, iterativefit, central, 2, 1.6, 2.4, 60, 10000.0, 0.0975, 0.1125, (1.07154+0.720557*x)
3, iterativefit, central, 2, 1.6, 2.4, 60, 10000.0, 0.1125, 0.14, (2.05816+-8.0494*x)
3, iterativefit, central, 2, 1.6, 2.4, 60, 10000.0, 0.14, 0.2, (0.65263+1.9901*x)
3, iterativefit, central, 2, 1.6, 2.4, 60, 10000.0, 0.2, 0.28, (0.998977+0.258368*x)
3, iterativefit, central, 2, 1.6, 2.4, 60, 10000.0, 0.28, 0.665, (1.09088+-0.0698551*x)
3, iterativefit, central, 2, 1.6, 2.4, 60, 10000.0, 0.665, 1.1, 1.04442572594
3, iterativefit, up_hf, 0, 0.0, 2.4, 20, 30, -15, 0, 0.0
3, iterativefit, up_hf, 0, 0.0, 2.4, 20, 30, 0, 0.08, 1.21366691589
3, iterativefit, up_hf, 0, 0.0, 2.4, 20, 30, 0.08, 0.2, (1.31423+-1.25708*x)
3, iterativefit, up_hf, 0, 0.0, 2.4, 20, 30, 0.2, 0.28, (1.05808+0.0237033*x)
3, iterativefit, up_hf, 0, 0.0, 2.4, 20, 30, 0.28, 0.36, (1.14716+-0.294468*x)
3, iterativefit, up_hf, 0, 0.0, 2.4, 20, 30, 0.36, 0.44, (1.20767+-0.462541*x)
3, iterativefit, up_hf, 0, 0.0, 2.4, 20, 30, 0.44, 0.52, (1.37485+-0.842503*x)
3, iterativefit, up_hf, 0, 0.0, 2.4, 20, 30, 0.52, 0.6, (0.704251+0.447118*x)
3, iterativefit, up_hf, 0, 0.0, 2.4, 20, 30, 0.6, 0.68, (1.74131+-1.28132*x)
3, iterativefit, up_hf, 0, 0.0, 2.4, 20, 30, 0.68, 0.76, (0.817902+0.0766382*x)
3, iterativefit, up_hf, 0, 0.0, 2.4, 20, 30, 0.76, 0.82, (1.54332+-0.877865*x)
3, iterativefit, up_hf, 0, 0.0, 2.4, 20, 30, 0.82, 0.86, (-1.97979+3.41861*x)
3, iterativefit, up_hf, 0, 0.0, 2.4, 20, 30, 0.86, 0.9, (2.95194+-2.31595*x)
3, iterativefit, up_hf, 0, 0.0, 2.4, 20, 30, 0.9, 0.935, (0.503548+0.404482*x)
3, iterativefit, up_hf, 0, 0.0, 2.4, 20, 30, 0.935, 0.965, (-0.496729+1.4743*x)
3, iterativefit, up_hf, 0, 0.0, 2.4, 20, 30, 0.965, 0.995, (5.37968+-4.61525*x)
3, iterativefit, up_hf, 0, 0.0, 2.4, 20, 30, 0.995, 1.1, 0.787510216236
3, iterativefit, up_hf, 0, 0.0, 2.4, 30, 50, -15, 0, 0.0
3, iterativefit, up_hf, 0, 0.0, 2.4, 30, 50, 0, 0.08, 1.07750964165
3, iterativefit, up_hf, 0, 0.0, 2.4, 30, 50, 0.08, 0.2, (1.05119+0.328974*x)
3, iterativefit, up_hf, 0, 0.0, 2.4, 30, 50, 0.2, 0.28, (1.20338+-0.431965*x)
3, iterativefit, up_hf, 0, 0.0, 2.4, 30, 50, 0.28, 0.36, (1.24311+-0.573871*x)
3, iterativefit, up_hf, 0, 0.0, 2.4, 30, 50, 0.36, 0.44, (0.906152+0.362132*x)
3, iterativefit, up_hf, 0, 0.0, 2.4, 30, 50, 0.44, 0.52, (1.1995+-0.304565*x)
3, iterativefit, up_hf, 0, 0.0, 2.4, 30, 50, 0.52, 0.6, (1.46579+-0.816665*x)
3, iterativefit, up_hf, 0, 0.0, 2.4, 30, 50, 0.6, 0.68, (0.90372+0.12012*x)
3, iterativefit, up_hf, 0, 0.0, 2.4, 30, 50, 0.68, 0.76, (1.05353+-0.100183*x)
3, iterativefit, up_hf, 0, 0.0, 2.4, 30, 50, 0.76, 0.82, (1.41149+-0.571184*x)
3, iterativefit, up_hf, 0, 0.0, 2.4, 30, 50, 0.82, 0.86, (-0.230137+1.4308*x)
3, iterativefit, up_hf, 0, 0.0, 2.4, 30, 50, 0.86, 0.9, (1.01305+-0.014776*x)
3, iterativefit, up_hf, 0, 0.0, 2.4, 30, 50, 0.9, 0.935, (1.94128+-1.04614*x)
3, iterativefit, up_hf, 0, 0.0, 2.4, 30, 50, 0.935, 0.965, (1.0344+-0.0762105*x)
3, iterativefit, up_hf, 0, 0.0, 2.4, 30, 50, 0.965, 0.995, (2.42105+-1.51316*x)
3, iterativefit, up_hf, 0, 0.0, 2.4, 30, 50, 0.995, 1.1, 0.915460526943
3, iterativefit, up_hf, 0, 0.0, 2.4, 50, 70, -15, 0, 0.0
3, iterativefit, up_hf, 0, 0.0, 2.4, 50, 70, 0, 0.08, 1.09525036812
3, iterativefit, up_hf, 0, 0.0, 2.4, 50, 70, 0.08, 0.2, (1.15906+-0.797651*x)
3, iterativefit, up_hf, 0, 0.0, 2.4, 50, 70, 0.2, 0.28, (0.754711+1.22411*x)
3, iterativefit, up_hf, 0, 0.0, 2.4, 50, 70, 0.28, 0.36, (1.10531+-0.028035*x)
3, iterativefit, up_hf, 0, 0.0, 2.4, 50, 70, 0.36, 0.44, (1.48612+-1.08583*x)
3, iterativefit, up_hf, 0, 0.0, 2.4, 50, 70, 0.44, 0.52, (0.683025+0.739378*x)
3, iterativefit, up_hf, 0, 0.0, 2.4, 50, 70, 0.52, 0.6, (1.69978+-1.21592*x)
3, iterativefit, up_hf, 0, 0.0, 2.4, 50, 70, 0.6, 0.68, (0.439945+0.883806*x)
3, iterativefit, up_hf, 0, 0.0, 2.4, 50, 70, 0.68, 0.76, (1.10647+-0.0963837*x)
3, iterativefit, up_hf, 0, 0.0, 2.4, 50, 70, 0.76, 0.82, (1.63837+-0.796249*x)
3, iterativefit, up_hf, 0, 0.0, 2.4, 50, 70, 0.82, 0.86, (-0.18059+1.422*x)
3, iterativefit, up_hf, 0, 0.0, 2.4, 50, 70, 0.86, 0.9, (1.77092+-0.847197*x)
3, iterativefit, up_hf, 0, 0.0, 2.4, 50, 70, 0.9, 0.935, (2.4078+-1.55485*x)
3, iterativefit, up_hf, 0, 0.0, 2.4, 50, 70, 0.935, 0.965, (0.407823+0.584167*x)
3, iterativefit, up_hf, 0, 0.0, 2.4, 50, 70, 0.965, 0.995, (2.13568+-1.20635*x)
3, iterativefit, up_hf, 0, 0.0, 2.4, 50, 70, 0.995, 1.1, 0.935354173183
3, iterativefit, up_hf, 0, 0.0, 2.4, 70, 100, -15, 0, 0.0
3, iterativefit, up_hf, 0, 0.0, 2.4, 70, 100, 0, 0.08, 1.13805818558
3, iterativefit, up_hf, 0, 0.0, 2.4, 70, 100, 0.08, 0.2, (1.16341+-0.316843*x)
3, iterativefit, up_hf, 0, 0.0, 2.4, 70, 100, 0.2, 0.28, (1.25244+-0.762039*x)
3, iterativefit, up_hf, 0, 0.0, 2.4, 70, 100, 0.28, 0.36, (1.04147+-0.00854731*x)
3, iterativefit, up_hf, 0, 0.0, 2.4, 70, 100, 0.36, 0.44, (1.12258+-0.233859*x)
3, iterativefit, up_hf, 0, 0.0, 2.4, 70, 100, 0.44, 0.52, (0.942592+0.175203*x)
3, iterativefit, up_hf, 0, 0.0, 2.4, 70, 100, 0.52, 0.6, (1.15403+-0.231411*x)
3, iterativefit, up_hf, 0, 0.0, 2.4, 70, 100, 0.6, 0.68, (0.922737+0.154079*x)
3, iterativefit, up_hf, 0, 0.0, 2.4, 70, 100, 0.68, 0.76, (1.64228+-0.904074*x)
3, iterativefit, up_hf, 0, 0.0, 2.4, 70, 100, 0.76, 0.82, (-0.0549331+1.3291*x)
3, iterativefit, up_hf, 0, 0.0, 2.4, 70, 100, 0.82, 0.86, (2.74482+-2.08523*x)
3, iterativefit, up_hf, 0, 0.0, 2.4, 70, 100, 0.86, 0.9, (0.875429+0.0884801*x)
3, iterativefit, up_hf, 0, 0.0, 2.4, 70, 100, 0.9, 0.935, (-0.0666516+1.13524*x)
3, iterativefit, up_hf, 0, 0.0, 2.4, 70, 100, 0.935, 0.965, (1.29242+-0.318321*x)
3, iterativefit, up_hf, 0, 0.0, 2.4, 70, 100, 0.965, 0.995, (2.75905+-1.83814*x)
3, iterativefit, up_hf, 0, 0.0, 2.4, 70, 100, 0.995, 1.1, 0.930100977421
3, iterativefit, up_hf, 0, 0.0, 2.4, 100, 10000.0, -15, 0, 0.0
3, iterativefit, up_hf, 0, 0.0, 2.4, 100, 10000.0, 0, 0.08, 1.26612687111
3, iterativefit, up_hf, 0, 0.0, 2.4, 100, 10000.0, 0.08, 0.2, (1.42486+-1.98417*x)
3, iterativefit, up_hf, 0, 0.0, 2.4, 100, 10000.0, 0.2, 0.28, (1.01203+0.0800073*x)
3, iterativefit, up_hf, 0, 0.0, 2.4, 100, 10000.0, 0.28, 0.36, (1.10793+-0.262526*x)
3, iterativefit, up_hf, 0, 0.0, 2.4, 100, 10000.0, 0.36, 0.44, (1.17494+-0.448664*x)
3, iterativefit, up_hf, 0, 0.0, 2.4, 100, 10000.0, 0.44, 0.52, (0.914716+0.142764*x)
3, iterativefit, up_hf, 0, 0.0, 2.4, 100, 10000.0, 0.52, 0.6, (0.73304+0.492141*x)
3, iterativefit, up_hf, 0, 0.0, 2.4, 100, 10000.0, 0.6, 0.68, (1.4521+-0.70629*x)
3, iterativefit, up_hf, 0, 0.0, 2.4, 100, 10000.0, 0.68, 0.76, (1.03895+-0.098718*x)
3, iterativefit, up_hf, 0, 0.0, 2.4, 100, 10000.0, 0.76, 0.82, (0.79746+0.219032*x)
3, iterativefit, up_hf, 0, 0.0, 2.4, 100, 10000.0, 0.82, 0.86, (0.607137+0.451133*x)
3, iterativefit, up_hf, 0, 0.0, 2.4, 100, 10000.0, 0.86, 0.9, (2.41711+-1.65349*x)
3, iterativefit, up_hf, 0, 0.0, 2.4, 100, 10000.0, 0.9, 0.935, (0.780108+0.165405*x)
3, iterativefit, up_hf, 0, 0.0, 2.4, 100, 10000.0, 0.935, 0.965, (0.183256+0.803749*x)
3, iterativefit, up_hf, 0, 0.0, 2.4, 100, 10000.0, 0.965, 0.995, (1.71563+-0.784202*x)
3, iterativefit, up_hf, 0, 0.0, 2.4, 100, 10000.0, 0.995, 1.1, 0.935347616673
3, iterativefit, up_hf, 2, 0.0, 0.8, 20, 30, -15, 0, 0.0
3, iterativefit, up_hf, 2, 0.0, 0.8, 20, 30, 0, 0.0075, 0.816334605217
3, iterativefit, up_hf, 2, 0.0, 0.8, 20, 30, 0.0075, 0.0225, (0.711904+13.9241*x)
3, iterativefit, up_hf, 2, 0.0, 0.8, 20, 30, 0.0225, 0.0375, (0.892969+5.87673*x)
3, iterativefit, up_hf, 2, 0.0, 0.8, 20, 30, 0.0375, 0.0525, (1.05306+1.60765*x)
3, iterativefit, up_hf, 2, 0.0, 0.8, 20, 30, 0.0525, 0.0675, (1.16913+-0.603135*x)
3, iterativefit, up_hf, 2, 0.0, 0.8, 20, 30, 0.0675, 0.0825, (1.26542+-2.02972*x)
3, iterativefit, up_hf, 2, 0.0, 0.8, 20, 30, 0.0825, 0.0975, (0.632182+5.6459*x)
3, iterativefit, up_hf, 2, 0.0, 0.8, 20, 30, 0.0975, 0.1125, (1.4181+-2.41483*x)
3, iterativefit, up_hf, 2, 0.0, 0.8, 20, 30, 0.1125, 0.14, (1.23393+-0.777756*x)
3, iterativefit, up_hf, 2, 0.0, 0.8, 20, 30, 0.14, 0.2, (1.20834+-0.594952*x)
3, iterativefit, up_hf, 2, 0.0, 0.8, 20, 30, 0.2, 0.28, (1.5259+-2.18275*x)
3, iterativefit, up_hf, 2, 0.0, 0.8, 20, 30, 0.28, 0.665, (1.14147+-0.809783*x)
3, iterativefit, up_hf, 2, 0.0, 0.8, 20, 30, 0.665, 1.1, 0.602962970734
3, iterativefit, up_hf, 2, 0.8, 1.6, 20, 30, -15, 0, 0.0
3, iterativefit, up_hf, 2, 0.8, 1.6, 20, 30, 0, 0.0075, 0.843369960785
3, iterativefit, up_hf, 2, 0.8, 1.6, 20, 30, 0.0075, 0.0225, (0.753594+11.9701*x)
3, iterativefit, up_hf, 2, 0.8, 1.6, 20, 30, 0.0225, 0.0375, (0.919471+4.59782*x)
3, iterativefit, up_hf, 2, 0.8, 1.6, 20, 30, 0.0375, 0.0525, (1.00341+2.35958*x)
3, iterativefit, up_hf, 2, 0.8, 1.6, 20, 30, 0.0525, 0.0675, (1.1682+-0.779311*x)
3, iterativefit, up_hf, 2, 0.8, 1.6, 20, 30, 0.0675, 0.0825, (1.37324+-3.81702*x)
3, iterativefit, up_hf, 2, 0.8, 1.6, 20, 30, 0.0825, 0.0975, (1.08625+-0.338332*x)
3, iterativefit, up_hf, 2, 0.8, 1.6, 20, 30, 0.0975, 0.1125, (1.32151+-2.75126*x)
3, iterativefit, up_hf, 2, 0.8, 1.6, 20, 30, 0.1125, 0.14, (0.952509+0.52876*x)
3, iterativefit, up_hf, 2, 0.8, 1.6, 20, 30, 0.14, 0.2, (1.23498+-1.48891*x)
3, iterativefit, up_hf, 2, 0.8, 1.6, 20, 30, 0.2, 0.28, (1.23927+-1.51037*x)
3, iterativefit, up_hf, 2, 0.8, 1.6, 20, 30, 0.28, 0.665, (1.07558+-0.925743*x)
3, iterativefit, up_hf, 2, 0.8, 1.6, 20, 30, 0.665, 1.1, 0.459960311651
3, iterativefit, up_hf, 2, 1.6, 2.4, 20, 30, -15, 0, 0.0
3, iterativefit, up_hf, 2, 1.6, 2.4, 20, 30, 0, 0.0075, 0.997853279114
3, iterativefit, up_hf, 2, 1.6, 2.4, 20, 30, 0.0075, 0.0225, (0.953384+5.92922*x)
3, iterativefit, up_hf, 2, 1.6, 2.4, 20, 30, 0.0225, 0.0375, (1.12237+-1.58132*x)
3, iterativefit, up_hf, 2, 1.6, 2.4, 20, 30, 0.0375, 0.0525, (1.12789+-1.72837*x)
3, iterativefit, up_hf, 2, 1.6, 2.4, 20, 30, 0.0525, 0.0675, (1.37764+-6.48552*x)
3, iterativefit, up_hf, 2, 1.6, 2.4, 20, 30, 0.0675, 0.0825, (1.33333+-5.8291*x)
3, iterativefit, up_hf, 2, 1.6, 2.4, 20, 30, 0.0825, 0.0975, (0.829157+0.282057*x)
3, iterativefit, up_hf, 2, 1.6, 2.4, 20, 30, 0.0975, 0.1125, (0.662546+1.99089*x)
3, iterativefit, up_hf, 2, 1.6, 2.4, 20, 30, 0.1125, 0.14, (0.949589+-0.560604*x)
3, iterativefit, up_hf, 2, 1.6, 2.4, 20, 30, 0.14, 0.2, (0.801232+0.49909*x)
3, iterativefit, up_hf, 2, 1.6, 2.4, 20, 30, 0.2, 0.28, (1.02695+-0.62952*x)
3, iterativefit, up_hf, 2, 1.6, 2.4, 20, 30, 0.28, 0.665, (0.940323+-0.320124*x)
3, iterativefit, up_hf, 2, 1.6, 2.4, 20, 30, 0.665, 1.1, 0.727440714836
3, iterativefit, up_hf, 2, 0.0, 0.8, 30, 40, -15, 0, 0.0
3, iterativefit, up_hf, 2, 0.0, 0.8, 30, 40, 0, 0.0075, 0.913030385971
3, iterativefit, up_hf, 2, 0.0, 0.8, 30, 40, 0.0075, 0.0225, (0.827268+11.4349*x)
3, iterativefit, up_hf, 2, 0.0, 0.8, 30, 40, 0.0225, 0.0375, (1.03589+2.16302*x)
3, iterativefit, up_hf, 2, 0.0, 0.8, 30, 40, 0.0375, 0.0525, (1.00078+3.0992*x)
3, iterativefit, up_hf, 2, 0.0, 0.8, 30, 40, 0.0525, 0.0675, (1.39382+-4.38724*x)
3, iterativefit, up_hf, 2, 0.0, 0.8, 30, 40, 0.0675, 0.0825, (1.32929+-3.43123*x)
3, iterativefit, up_hf, 2, 0.0, 0.8, 30, 40, 0.0825, 0.0975, (0.510226+6.49678*x)
3, iterativefit, up_hf, 2, 0.0, 0.8, 30, 40, 0.0975, 0.1125, (1.6007+-4.68761*x)
3, iterativefit, up_hf, 2, 0.0, 0.8, 30, 40, 0.1125, 0.14, (0.912558+1.42925*x)
3, iterativefit, up_hf, 2, 0.0, 0.8, 30, 40, 0.14, 0.2, (1.47606+-2.59578*x)
3, iterativefit, up_hf, 2, 0.0, 0.8, 30, 40, 0.2, 0.28, (1.28446+-1.63777*x)
3, iterativefit, up_hf, 2, 0.0, 0.8, 30, 40, 0.28, 0.665, (1.35212+-1.87941*x)
3, iterativefit, up_hf, 2, 0.0, 0.8, 30, 40, 0.665, 1.1, 0.10230910778
3, iterativefit, up_hf, 2, 0.8, 1.6, 30, 40, -15, 0, 0.0
3, iterativefit, up_hf, 2, 0.8, 1.6, 30, 40, 0, 0.0075, 0.944357335567
3, iterativefit, up_hf, 2, 0.8, 1.6, 30, 40, 0.0075, 0.0225, (0.879616+8.63212*x)
3, iterativefit, up_hf, 2, 0.8, 1.6, 30, 40, 0.0225, 0.0375, (1.04369+1.33983*x)
3, iterativefit, up_hf, 2, 0.8, 1.6, 30, 40, 0.0375, 0.0525, (1.22958+-3.61722*x)
3, iterativefit, up_hf, 2, 0.8, 1.6, 30, 40, 0.0525, 0.0675, (1.1083+-1.3071*x)
3, iterativefit, up_hf, 2, 0.8, 1.6, 30, 40, 0.0675, 0.0825, (1.3941+-5.5412*x)
3, iterativefit, up_hf, 2, 0.8, 1.6, 30, 40, 0.0825, 0.0975, (0.747406+2.29754*x)
3, iterativefit, up_hf, 2, 0.8, 1.6, 30, 40, 0.0975, 0.1125, (0.638403+3.41553*x)
3, iterativefit, up_hf, 2, 0.8, 1.6, 30, 40, 0.1125, 0.14, (1.45954+-3.88349*x)
3, iterativefit, up_hf, 2, 0.8, 1.6, 30, 40, 0.14, 0.2, (0.908614+0.051714*x)
3, iterativefit, up_hf, 2, 0.8, 1.6, 30, 40, 0.2, 0.28, (1.25529+-1.68167*x)
3, iterativefit, up_hf, 2, 0.8, 1.6, 30, 40, 0.28, 0.665, (1.1729+-1.3874*x)
3, iterativefit, up_hf, 2, 0.8, 1.6, 30, 40, 0.665, 1.1, 0.250274717808
3, iterativefit, up_hf, 2, 1.6, 2.4, 30, 40, -15, 0, 0.0
3, iterativefit, up_hf, 2, 1.6, 2.4, 30, 40, 0, 0.0075, 1.02206730843
3, iterativefit, up_hf, 2, 1.6, 2.4, 30, 40, 0.0075, 0.0225, (1.00918+1.71815*x)
3, iterativefit, up_hf, 2, 1.6, 2.4, 30, 40, 0.0225, 0.0375, (1.07785+-1.33367*x)
3, iterativefit, up_hf, 2, 1.6, 2.4, 30, 40, 0.0375, 0.0525, (1.18782+-4.26623*x)
3, iterativefit, up_hf, 2, 1.6, 2.4, 30, 40, 0.0525, 0.0675, (1.06789+-1.98185*x)
3, iterativefit, up_hf, 2, 1.6, 2.4, 30, 40, 0.0675, 0.0825, (0.989279+-0.817267*x)
3, iterativefit, up_hf, 2, 1.6, 2.4, 30, 40, 0.0825, 0.0975, (1.12147+-2.41964*x)
3, iterativefit, up_hf, 2, 1.6, 2.4, 30, 40, 0.0975, 0.1125, (0.737782+1.51567*x)
3, iterativefit, up_hf, 2, 1.6, 2.4, 30, 40, 0.1125, 0.14, (0.8899+0.163512*x)
3, iterativefit, up_hf, 2, 1.6, 2.4, 30, 40, 0.14, 0.2, (1.13407+-1.58058*x)
3, iterativefit, up_hf, 2, 1.6, 2.4, 30, 40, 0.2, 0.28, (0.774857+0.215497*x)
3, iterativefit, up_hf, 2, 1.6, 2.4, 30, 40, 0.28, 0.665, (1.0003+-0.589673*x)
3, iterativefit, up_hf, 2, 1.6, 2.4, 30, 40, 0.665, 1.1, 0.608171999454
3, iterativefit, up_hf, 2, 0.0, 0.8, 40, 60, -15, 0, 0.0
3, iterativefit, up_hf, 2, 0.0, 0.8, 40, 60, 0, 0.0075, 0.934609830379
3, iterativefit, up_hf, 2, 0.0, 0.8, 40, 60, 0.0075, 0.0225, (0.842131+12.3306*x)
3, iterativefit, up_hf, 2, 0.0, 0.8, 40, 60, 0.0225, 0.0375, (1.08671+1.46035*x)
3, iterativefit, up_hf, 2, 0.0, 0.8, 40, 60, 0.0375, 0.0525, (1.13611+0.143019*x)
3, iterativefit, up_hf, 2, 0.0, 0.8, 40, 60, 0.0525, 0.0675, (0.940323+3.87231*x)
3, iterativefit, up_hf, 2, 0.0, 0.8, 40, 60, 0.0675, 0.0825, (1.60728+-6.00856*x)
3, iterativefit, up_hf, 2, 0.0, 0.8, 40, 60, 0.0825, 0.0975, (1.14354+-0.387422*x)
3, iterativefit, up_hf, 2, 0.0, 0.8, 40, 60, 0.0975, 0.1125, (2.00729+-9.24639*x)
3, iterativefit, up_hf, 2, 0.0, 0.8, 40, 60, 0.1125, 0.14, (0.850232+1.03854*x)
3, iterativefit, up_hf, 2, 0.0, 0.8, 40, 60, 0.14, 0.2, (1.18517+-1.35386*x)
3, iterativefit, up_hf, 2, 0.0, 0.8, 40, 60, 0.2, 0.28, (1.04985+-0.677282*x)
3, iterativefit, up_hf, 2, 0.0, 0.8, 40, 60, 0.28, 0.665, (1.81708+-3.41738*x)
3, iterativefit, up_hf, 2, 0.0, 0.8, 40, 60, 0.665, 1.1, -0.455477446318
3, iterativefit, up_hf, 2, 0.8, 1.6, 40, 60, -15, 0, 0.0
3, iterativefit, up_hf, 2, 0.8, 1.6, 40, 60, 0, 0.0075, 0.969724416733
3, iterativefit, up_hf, 2, 0.8, 1.6, 40, 60, 0.0075, 0.0225, (0.92117+6.47398*x)
3, iterativefit, up_hf, 2, 0.8, 1.6, 40, 60, 0.0225, 0.0375, (1.02032+2.0675*x)
3, iterativefit, up_hf, 2, 0.8, 1.6, 40, 60, 0.0375, 0.0525, (1.19281+-2.53235*x)
3, iterativefit, up_hf, 2, 0.8, 1.6, 40, 60, 0.0525, 0.0675, (0.986651+1.39448*x)
3, iterativefit, up_hf, 2, 0.8, 1.6, 40, 60, 0.0675, 0.0825, (1.72528+-9.5482*x)
3, iterativefit, up_hf, 2, 0.8, 1.6, 40, 60, 0.0825, 0.0975, (1.09209+-1.87313*x)
3, iterativefit, up_hf, 2, 0.8, 1.6, 40, 60, 0.0975, 0.1125, (0.362204+5.61287*x)
3, iterativefit, up_hf, 2, 0.8, 1.6, 40, 60, 0.1125, 0.14, (1.2694+-2.45108*x)
3, iterativefit, up_hf, 2, 0.8, 1.6, 40, 60, 0.14, 0.2, (1.1363+-1.50038*x)
3, iterativefit, up_hf, 2, 0.8, 1.6, 40, 60, 0.2, 0.28, (0.946451+-0.551134*x)
3, iterativefit, up_hf, 2, 0.8, 1.6, 40, 60, 0.28, 0.665, (1.37379+-2.07735*x)
3, iterativefit, up_hf, 2, 0.8, 1.6, 40, 60, 0.665, 1.1, -0.00764518696815
3, iterativefit, up_hf, 2, 1.6, 2.4, 40, 60, -15, 0, 0.0
3, iterativefit, up_hf, 2, 1.6, 2.4, 40, 60, 0, 0.0075, 0.973023593426
3, iterativefit, up_hf, 2, 1.6, 2.4, 40, 60, 0.0075, 0.0225, (0.933983+5.20544*x)
3, iterativefit, up_hf, 2, 1.6, 2.4, 40, 60, 0.0225, 0.0375, (1.13158+-3.57667*x)
3, iterativefit, up_hf, 2, 1.6, 2.4, 40, 60, 0.0375, 0.0525, (0.988903+0.228071*x)
3, iterativefit, up_hf, 2, 1.6, 2.4, 40, 60, 0.0525, 0.0675, (1.00367+-0.053215*x)
3, iterativefit, up_hf, 2, 1.6, 2.4, 40, 60, 0.0675, 0.0825, (1.3067+-4.54255*x)
3, iterativefit, up_hf, 2, 1.6, 2.4, 40, 60, 0.0825, 0.0975, (0.4884+5.37624*x)
3, iterativefit, up_hf, 2, 1.6, 2.4, 40, 60, 0.0975, 0.1125, (0.920096+0.948588*x)
3, iterativefit, up_hf, 2, 1.6, 2.4, 40, 60, 0.1125, 0.14, (1.24944+-1.97887*x)
3, iterativefit, up_hf, 2, 1.6, 2.4, 40, 60, 0.14, 0.2, (1.26441+-2.08583*x)
3, iterativefit, up_hf, 2, 1.6, 2.4, 40, 60, 0.2, 0.28, (0.299921+2.73661*x)
3, iterativefit, up_hf, 2, 1.6, 2.4, 40, 60, 0.28, 0.665, (1.62731+-2.00405*x)
3, iterativefit, up_hf, 2, 1.6, 2.4, 40, 60, 0.665, 1.1, 0.29461106658
3, iterativefit, up_hf, 2, 0.0, 0.8, 60, 10000.0, -15, 0, 0.0
3, iterativefit, up_hf, 2, 0.0, 0.8, 60, 10000.0, 0, 0.0075, 0.96423971653
3, iterativefit, up_hf, 2, 0.0, 0.8, 60, 10000.0, 0.0075, 0.0225, (0.886653+10.345*x)
3, iterativefit, up_hf, 2, 0.0, 0.8, 60, 10000.0, 0.0225, 0.0375, (1.24006+-5.36194*x)
3, iterativefit, up_hf, 2, 0.0, 0.8, 60, 10000.0, 0.0375, 0.0525, (0.912438+3.37459*x)
3, iterativefit, up_hf, 2, 0.0, 0.8, 60, 10000.0, 0.0525, 0.0675, (1.27389+-3.51027*x)
3, iterativefit, up_hf, 2, 0.0, 0.8, 60, 10000.0, 0.0675, 0.0825, (0.822164+3.18201*x)
3, iterativefit, up_hf, 2, 0.0, 0.8, 60, 10000.0, 0.0825, 0.0975, (1.04086+0.531181*x)
3, iterativefit, up_hf, 2, 0.0, 0.8, 60, 10000.0, 0.0975, 0.1125, (2.01515+-9.46151*x)
3, iterativefit, up_hf, 2, 0.0, 0.8, 60, 10000.0, 0.1125, 0.14, (1.06042+-0.975052*x)
3, iterativefit, up_hf, 2, 0.0, 0.8, 60, 10000.0, 0.14, 0.2, (0.910168+0.0981629*x)
3, iterativefit, up_hf, 2, 0.0, 0.8, 60, 10000.0, 0.2, 0.28, (1.4148+-2.42502*x)
3, iterativefit, up_hf, 2, 0.0, 0.8, 60, 10000.0, 0.28, 0.665, (1.29937+-2.01275*x)
3, iterativefit, up_hf, 2, 0.0, 0.8, 60, 10000.0, 0.665, 1.1, -0.039108555764
3, iterativefit, up_hf, 2, 0.8, 1.6, 60, 10000.0, -15, 0, 0.0
3, iterativefit, up_hf, 2, 0.8, 1.6, 60, 10000.0, 0, 0.0075, 0.991901874542
3, iterativefit, up_hf, 2, 0.8, 1.6, 60, 10000.0, 0.0075, 0.0225, (0.966709+3.35906*x)
3, iterativefit, up_hf, 2, 0.8, 1.6, 60, 10000.0, 0.0225, 0.0375, (0.945646+4.29519*x)
3, iterativefit, up_hf, 2, 0.8, 1.6, 60, 10000.0, 0.0375, 0.0525, (1.16188+-1.471*x)
3, iterativefit, up_hf, 2, 0.8, 1.6, 60, 10000.0, 0.0525, 0.0675, (1.09705+-0.236185*x)
3, iterativefit, up_hf, 2, 0.8, 1.6, 60, 10000.0, 0.0675, 0.0825, (1.75797+-10.0276*x)
3, iterativefit, up_hf, 2, 0.8, 1.6, 60, 10000.0, 0.0825, 0.0975, (0.689497+2.92358*x)
3, iterativefit, up_hf, 2, 0.8, 1.6, 60, 10000.0, 0.0975, 0.1125, (0.91209+0.640587*x)
3, iterativefit, up_hf, 2, 0.8, 1.6, 60, 10000.0, 0.1125, 0.14, (1.1468+-1.44569*x)
3, iterativefit, up_hf, 2, 0.8, 1.6, 60, 10000.0, 0.14, 0.2, (1.32675+-2.73107*x)
3, iterativefit, up_hf, 2, 0.8, 1.6, 60, 10000.0, 0.2, 0.28, (1.13133+-1.75395*x)
3, iterativefit, up_hf, 2, 0.8, 1.6, 60, 10000.0, 0.28, 0.665, (1.1023+-1.65027*x)
3, iterativefit, up_hf, 2, 0.8, 1.6, 60, 10000.0, 0.665, 1.1, 0.0048632058315
3, iterativefit, up_hf, 2, 1.6, 2.4, 60, 10000.0, -15, 0, 0.0
3, iterativefit, up_hf, 2, 1.6, 2.4, 60, 10000.0, 0, 0.0075, 0.984190881252
3, iterativefit, up_hf, 2, 1.6, 2.4, 60, 10000.0, 0.0075, 0.0225, (0.970377+1.84184*x)
3, iterativefit, up_hf, 2, 1.6, 2.4, 60, 10000.0, 0.0225, 0.0375, (0.92288+3.95282*x)
3, iterativefit, up_hf, 2, 1.6, 2.4, 60, 10000.0, 0.0375, 0.0525, (1.13325+-1.65705*x)
3, iterativefit, up_hf, 2, 1.6, 2.4, 60, 10000.0, 0.0525, 0.0675, (0.983273+1.19966*x)
3, iterativefit, up_hf, 2, 1.6, 2.4, 60, 10000.0, 0.0675, 0.0825, (1.56753+-7.45603*x)
3, iterativefit, up_hf, 2, 1.6, 2.4, 60, 10000.0, 0.0825, 0.0975, (0.0497372+10.9415*x)
3, iterativefit, up_hf, 2, 1.6, 2.4, 60, 10000.0, 0.0975, 0.1125, (1.01539+1.03732*x)
3, iterativefit, up_hf, 2, 1.6, 2.4, 60, 10000.0, 0.1125, 0.14, (2.11734+-8.7578*x)
3, iterativefit, up_hf, 2, 1.6, 2.4, 60, 10000.0, 0.14, 0.2, (0.685521+1.46951*x)
3, iterativefit, up_hf, 2, 1.6, 2.4, 60, 10000.0, 0.2, 0.28, (1.0367+-0.286394*x)
3, iterativefit, up_hf, 2, 1.6, 2.4, 60, 10000.0, 0.28, 0.665, (1.30493+-1.24436*x)
3, iterativefit, up_hf, 2, 1.6, 2.4, 60, 10000.0, 0.665, 1.1, 0.477434158325
